split,asset_id,asset_ticker,family,endpoints,positives,prevalence,lookback,endpoint_sha256
train,0,ADA-USD,Crypto,2148,1131,0.526536312849162,60,47527d25a7a7f1a293c14ee7f6aaa254be3163d14a2c6f2149b687357d9c4a60
train,1,AGG,Bonds,3439,87,0.025298051759232335,60,47527d25a7a7f1a293c14ee7f6aaa254be3163d14a2c6f2149b687357d9c4a60
train,2,AVAX-USD,Crypto,1102,628,0.5698729582577132,60,47527d25a7a7f1a293c14ee7f6aaa254be3163d14a2c6f2149b687357d9c4a60
train,3,BCH-USD,Crypto,2148,1113,0.5181564245810056,60,47527d25a7a7f1a293c14ee7f6aaa254be3163d14a2c6f2149b687357d9c4a60
train,4,BND,Bonds,3439,85,0.02471648735097412,60,47527d25a7a7f1a293c14ee7f6aaa254be3163d14a2c6f2149b687357d9c4a60
train,5,BTC-USD,Crypto,3297,1164,0.35304822565969063,60,47527d25a7a7f1a293c14ee7f6aaa254be3163d14a2c6f2149b687357d9c4a60
train,6,CPER,Commodities,2967,355,0.119649477586788,60,47527d25a7a7f1a293c14ee7f6aaa254be3163d14a2c6f2149b687357d9c4a60
train,7,DBA,Commodities,3439,137,0.0398371619656877,60,47527d25a7a7f1a293c14ee7f6aaa254be3163d14a2c6f2149b687357d9c4a60
train,8,DIA,Equities,3439,303,0.08810700785111951,60,47527d25a7a7f1a293c14ee7f6aaa254be3163d14a2c6f2149b687357d9c4a60
train,9,DOGE-USD,Crypto,2148,1129,0.5256052141527002,60,47527d25a7a7f1a293c14ee7f6aaa254be3163d14a2c6f2149b687357d9c4a60
train,10,DOT-USD,Crypto,1133,561,0.49514563106796117,60,47527d25a7a7f1a293c14ee7f6aaa254be3163d14a2c6f2149b687357d9c4a60
train,11,EEM,Equities,3439,368,0.10700785111951149,60,47527d25a7a7f1a293c14ee7f6aaa254be3163d14a2c6f2149b687357d9c4a60
train,12,EFA,Equities,3439,320,0.09305030532131434,60,47527d25a7a7f1a293c14ee7f6aaa254be3163d14a2c6f2149b687357d9c4a60
train,13,EMB,Bonds,3439,210,0.061064262867112536,60,47527d25a7a7f1a293c14ee7f6aaa254be3163d14a2c6f2149b687357d9c4a60
train,14,ETH-USD,Crypto,2148,931,0.4334264432029795,60,47527d25a7a7f1a293c14ee7f6aaa254be3163d14a2c6f2149b687357d9c4a60
train,15,EWA,Equities,3439,400,0.11631288165164291,60,47527d25a7a7f1a293c14ee7f6aaa254be3163d14a2c6f2149b687357d9c4a60
train,16,EWC,Equities,3439,321,0.09334108752544344,60,47527d25a7a7f1a293c14ee7f6aaa254be3163d14a2c6f2149b687357d9c4a60
train,17,EWJ,Equities,3439,278,0.08083745274789184,60,47527d25a7a7f1a293c14ee7f6aaa254be3163d14a2c6f2149b687357d9c4a60
train,18,EWU,Equities,3439,333,0.09683047397499273,60,47527d25a7a7f1a293c14ee7f6aaa254be3163d14a2c6f2149b687357d9c4a60
train,19,EWZ,Equities,3439,777,0.22593777260831638,60,47527d25a7a7f1a293c14ee7f6aaa254be3163d14a2c6f2149b687357d9c4a60
train,20,FXA,FX,3439,95,0.027624309392265192,60,47527d25a7a7f1a293c14ee7f6aaa254be3163d14a2c6f2149b687357d9c4a60
train,21,FXB,FX,3439,95,0.027624309392265192,60,47527d25a7a7f1a293c14ee7f6aaa254be3163d14a2c6f2149b687357d9c4a60
train,22,FXC,FX,3439,50,0.014539110206455364,60,47527d25a7a7f1a293c14ee7f6aaa254be3163d14a2c6f2149b687357d9c4a60
train,23,FXE,FX,3439,63,0.01831927886013376,60,47527d25a7a7f1a293c14ee7f6aaa254be3163d14a2c6f2149b687357d9c4a60
train,24,FXI,Equities,3439,550,0.159930212271009,60,47527d25a7a7f1a293c14ee7f6aaa254be3163d14a2c6f2149b687357d9c4a60
train,25,FXY,FX,3439,168,0.04885141029369003,60,47527d25a7a7f1a293c14ee7f6aaa254be3163d14a2c6f2149b687357d9c4a60
train,26,GLD,Commodities,3439,271,0.07880197731898808,60,47527d25a7a7f1a293c14ee7f6aaa254be3163d14a2c6f2149b687357d9c4a60
train,27,HYG,Bonds,3439,246,0.0715324222157604,60,47527d25a7a7f1a293c14ee7f6aaa254be3163d14a2c6f2149b687357d9c4a60
train,28,IEF,Bonds,3439,85,0.02471648735097412,60,47527d25a7a7f1a293c14ee7f6aaa254be3163d14a2c6f2149b687357d9c4a60
train,29,IFRA,Real assets,1362,135,0.09911894273127753,60,47527d25a7a7f1a293c14ee7f6aaa254be3163d14a2c6f2149b687357d9c4a60
train,30,INDA,Equities,2913,297,0.101956745623069,60,47527d25a7a7f1a293c14ee7f6aaa254be3163d14a2c6f2149b687357d9c4a60
train,31,IWD,Equities,3439,311,0.09043326548415237,60,47527d25a7a7f1a293c14ee7f6aaa254be3163d14a2c6f2149b687357d9c4a60
train,32,IWF,Equities,3439,355,0.1032276824658331,60,47527d25a7a7f1a293c14ee7f6aaa254be3163d14a2c6f2149b687357d9c4a60
train,33,IWM,Equities,3439,374,0.10875254434428613,60,47527d25a7a7f1a293c14ee7f6aaa254be3163d14a2c6f2149b687357d9c4a60
train,34,IYR,Real assets,3439,359,0.10439081128234952,60,47527d25a7a7f1a293c14ee7f6aaa254be3163d14a2c6f2149b687357d9c4a60
train,35,JNK,Bonds,3439,271,0.07880197731898808,60,47527d25a7a7f1a293c14ee7f6aaa254be3163d14a2c6f2149b687357d9c4a60
train,36,LINK-USD,Crypto,2148,1114,0.5186219739292365,60,47527d25a7a7f1a293c14ee7f6aaa254be3163d14a2c6f2149b687357d9c4a60
train,37,LQD,Bonds,3439,84,0.024425705146845014,60,47527d25a7a7f1a293c14ee7f6aaa254be3163d14a2c6f2149b687357d9c4a60
train,38,LTC-USD,Crypto,3297,1505,0.4564755838641189,60,47527d25a7a7f1a293c14ee7f6aaa254be3163d14a2c6f2149b687357d9c4a60
train,39,MTUM,Equities,2612,268,0.10260336906584992,60,47527d25a7a7f1a293c14ee7f6aaa254be3163d14a2c6f2149b687357d9c4a60
train,40,MUB,Bonds,3439,215,0.06251817388775807,60,47527d25a7a7f1a293c14ee7f6aaa254be3163d14a2c6f2149b687357d9c4a60
train,41,PALL,Commodities,3435,796,0.23173216885007278,60,47527d25a7a7f1a293c14ee7f6aaa254be3163d14a2c6f2149b687357d9c4a60
train,42,PPLT,Commodities,3435,491,0.14294032023289666,60,47527d25a7a7f1a293c14ee7f6aaa254be3163d14a2c6f2149b687357d9c4a60
train,43,QQQ,Equities,3439,391,0.11369584181448095,60,47527d25a7a7f1a293c14ee7f6aaa254be3163d14a2c6f2149b687357d9c4a60
train,44,QUAL,Equities,2549,254,0.09964692036092586,60,47527d25a7a7f1a293c14ee7f6aaa254be3163d14a2c6f2149b687357d9c4a60
train,45,SHY,Bonds,3439,151,0.0439081128234952,60,47527d25a7a7f1a293c14ee7f6aaa254be3163d14a2c6f2149b687357d9c4a60
train,46,SIZE,Equities,2612,234,0.08958652373660031,60,47527d25a7a7f1a293c14ee7f6aaa254be3163d14a2c6f2149b687357d9c4a60
train,47,SLV,Commodities,3439,630,0.1831927886013376,60,47527d25a7a7f1a293c14ee7f6aaa254be3163d14a2c6f2149b687357d9c4a60
train,48,SOL-USD,Crypto,1265,701,0.5541501976284585,60,47527d25a7a7f1a293c14ee7f6aaa254be3163d14a2c6f2149b687357d9c4a60
train,49,SPY,Equities,3439,302,0.0878162256469904,60,47527d25a7a7f1a293c14ee7f6aaa254be3163d14a2c6f2149b687357d9c4a60
train,50,TIP,Bonds,3439,74,0.02151788310555394,60,47527d25a7a7f1a293c14ee7f6aaa254be3163d14a2c6f2149b687357d9c4a60
train,51,TLT,Bonds,3439,169,0.049142192497819134,60,47527d25a7a7f1a293c14ee7f6aaa254be3163d14a2c6f2149b687357d9c4a60
train,52,UNG,Commodities,3439,1305,0.37947077638848503,60,47527d25a7a7f1a293c14ee7f6aaa254be3163d14a2c6f2149b687357d9c4a60
train,54,USMV,Equities,2985,185,0.06197654941373534,60,47527d25a7a7f1a293c14ee7f6aaa254be3163d14a2c6f2149b687357d9c4a60
train,55,USO,Commodities,3439,859,0.24978191334690317,60,47527d25a7a7f1a293c14ee7f6aaa254be3163d14a2c6f2149b687357d9c4a60
train,56,UUP,FX,3439,45,0.013085199185809828,60,47527d25a7a7f1a293c14ee7f6aaa254be3163d14a2c6f2149b687357d9c4a60
train,57,VEA,Equities,3439,310,0.09014248328002326,60,47527d25a7a7f1a293c14ee7f6aaa254be3163d14a2c6f2149b687357d9c4a60
train,58,VGK,Equities,3439,372,0.10817097993602791,60,47527d25a7a7f1a293c14ee7f6aaa254be3163d14a2c6f2149b687357d9c4a60
train,59,VLUE,Equities,2612,232,0.0888208269525268,60,47527d25a7a7f1a293c14ee7f6aaa254be3163d14a2c6f2149b687357d9c4a60
train,60,VNQ,Real assets,3439,360,0.10468159348647862,60,47527d25a7a7f1a293c14ee7f6aaa254be3163d14a2c6f2149b687357d9c4a60
train,61,VT,Equities,3439,303,0.08810700785111951,60,47527d25a7a7f1a293c14ee7f6aaa254be3163d14a2c6f2149b687357d9c4a60
train,62,VTI,Equities,3439,311,0.09043326548415237,60,47527d25a7a7f1a293c14ee7f6aaa254be3163d14a2c6f2149b687357d9c4a60
train,63,VTV,Equities,3439,300,0.08723466123873219,60,47527d25a7a7f1a293c14ee7f6aaa254be3163d14a2c6f2149b687357d9c4a60
train,64,VUG,Equities,3439,366,0.10642628671125327,60,47527d25a7a7f1a293c14ee7f6aaa254be3163d14a2c6f2149b687357d9c4a60
train,65,VWO,Equities,3439,350,0.10177377144518755,60,47527d25a7a7f1a293c14ee7f6aaa254be3163d14a2c6f2149b687357d9c4a60
train,66,XBI,Equities,3439,699,0.203256760686246,60,47527d25a7a7f1a293c14ee7f6aaa254be3163d14a2c6f2149b687357d9c4a60
train,67,XLB,Equities,3439,341,0.09915673160802559,60,47527d25a7a7f1a293c14ee7f6aaa254be3163d14a2c6f2149b687357d9c4a60
train,68,XLC,Equities,1310,176,0.13435114503816795,60,47527d25a7a7f1a293c14ee7f6aaa254be3163d14a2c6f2149b687357d9c4a60
train,69,XLE,Equities,3439,515,0.14975283512649026,60,47527d25a7a7f1a293c14ee7f6aaa254be3163d14a2c6f2149b687357d9c4a60
train,70,XLF,Equities,3439,408,0.11863913928467577,60,47527d25a7a7f1a293c14ee7f6aaa254be3163d14a2c6f2149b687357d9c4a60
train,71,XLI,Equities,3439,330,0.09595812736260541,60,47527d25a7a7f1a293c14ee7f6aaa254be3163d14a2c6f2149b687357d9c4a60
train,72,XLK,Equities,3439,380,0.11049723756906077,60,47527d25a7a7f1a293c14ee7f6aaa254be3163d14a2c6f2149b687357d9c4a60
train,73,XLM-USD,Crypto,2148,1156,0.5381750465549349,60,47527d25a7a7f1a293c14ee7f6aaa254be3163d14a2c6f2149b687357d9c4a60
train,74,XLP,Equities,3439,191,0.0555394009886595,60,47527d25a7a7f1a293c14ee7f6aaa254be3163d14a2c6f2149b687357d9c4a60
train,75,XLRE,Equities,1988,207,0.10412474849094568,60,47527d25a7a7f1a293c14ee7f6aaa254be3163d14a2c6f2149b687357d9c4a60
train,76,XLU,Equities,3439,208,0.06048269845885432,60,47527d25a7a7f1a293c14ee7f6aaa254be3163d14a2c6f2149b687357d9c4a60
train,77,XLV,Equities,3439,240,0.06978772899098575,60,47527d25a7a7f1a293c14ee7f6aaa254be3163d14a2c6f2149b687357d9c4a60
train,78,XLY,Equities,3439,381,0.11078801977318987,60,47527d25a7a7f1a293c14ee7f6aaa254be3163d14a2c6f2149b687357d9c4a60
train,79,XRP-USD,Crypto,2148,1082,0.5037243947858473,60,47527d25a7a7f1a293c14ee7f6aaa254be3163d14a2c6f2149b687357d9c4a60
validation,0,ADA-USD,Crypto,379,200,0.5277044854881267,60,47527d25a7a7f1a293c14ee7f6aaa254be3163d14a2c6f2149b687357d9c4a60
validation,1,AGG,Bonds,238,0,0.0,60,47527d25a7a7f1a293c14ee7f6aaa254be3163d14a2c6f2149b687357d9c4a60
validation,2,AVAX-USD,Crypto,379,226,0.5963060686015831,60,47527d25a7a7f1a293c14ee7f6aaa254be3163d14a2c6f2149b687357d9c4a60
validation,3,BCH-USD,Crypto,379,194,0.5118733509234829,60,47527d25a7a7f1a293c14ee7f6aaa254be3163d14a2c6f2149b687357d9c4a60
validation,4,BND,Bonds,238,0,0.0,60,47527d25a7a7f1a293c14ee7f6aaa254be3163d14a2c6f2149b687357d9c4a60
validation,5,BTC-USD,Crypto,379,120,0.316622691292876,60,47527d25a7a7f1a293c14ee7f6aaa254be3163d14a2c6f2149b687357d9c4a60
validation,6,CPER,Commodities,238,27,0.1134453781512605,60,47527d25a7a7f1a293c14ee7f6aaa254be3163d14a2c6f2149b687357d9c4a60
validation,7,DBA,Commodities,238,20,0.08403361344537816,60,47527d25a7a7f1a293c14ee7f6aaa254be3163d14a2c6f2149b687357d9c4a60
validation,8,DIA,Equities,238,16,0.06722689075630252,60,47527d25a7a7f1a293c14ee7f6aaa254be3163d14a2c6f2149b687357d9c4a60
validation,9,DOGE-USD,Crypto,379,208,0.5488126649076517,60,47527d25a7a7f1a293c14ee7f6aaa254be3163d14a2c6f2149b687357d9c4a60
validation,10,DOT-USD,Crypto,379,226,0.5963060686015831,60,47527d25a7a7f1a293c14ee7f6aaa254be3163d14a2c6f2149b687357d9c4a60
validation,11,EEM,Equities,238,13,0.0546218487394958,60,47527d25a7a7f1a293c14ee7f6aaa254be3163d14a2c6f2149b687357d9c4a60
validation,12,EFA,Equities,238,2,0.008403361344537815,60,47527d25a7a7f1a293c14ee7f6aaa254be3163d14a2c6f2149b687357d9c4a60
validation,13,EMB,Bonds,238,10,0.04201680672268908,60,47527d25a7a7f1a293c14ee7f6aaa254be3163d14a2c6f2149b687357d9c4a60
validation,14,ETH-USD,Crypto,379,163,0.43007915567282323,60,47527d25a7a7f1a293c14ee7f6aaa254be3163d14a2c6f2149b687357d9c4a60
validation,15,EWA,Equities,238,21,0.08823529411764706,60,47527d25a7a7f1a293c14ee7f6aaa254be3163d14a2c6f2149b687357d9c4a60
validation,16,EWC,Equities,238,5,0.02100840336134454,60,47527d25a7a7f1a293c14ee7f6aaa254be3163d14a2c6f2149b687357d9c4a60
validation,17,EWJ,Equities,238,16,0.06722689075630252,60,47527d25a7a7f1a293c14ee7f6aaa254be3163d14a2c6f2149b687357d9c4a60
validation,18,EWU,Equities,238,1,0.004201680672268907,60,47527d25a7a7f1a293c14ee7f6aaa254be3163d14a2c6f2149b687357d9c4a60
validation,19,EWZ,Equities,238,44,0.18487394957983194,60,47527d25a7a7f1a293c14ee7f6aaa254be3163d14a2c6f2149b687357d9c4a60
validation,20,FXA,FX,238,8,0.03361344537815126,60,47527d25a7a7f1a293c14ee7f6aaa254be3163d14a2c6f2149b687357d9c4a60
validation,21,FXB,FX,238,5,0.02100840336134454,60,47527d25a7a7f1a293c14ee7f6aaa254be3163d14a2c6f2149b687357d9c4a60
validation,22,FXC,FX,238,5,0.02100840336134454,60,47527d25a7a7f1a293c14ee7f6aaa254be3163d14a2c6f2149b687357d9c4a60
validation,23,FXE,FX,238,10,0.04201680672268908,60,47527d25a7a7f1a293c14ee7f6aaa254be3163d14a2c6f2149b687357d9c4a60
validation,24,FXI,Equities,238,35,0.14705882352941177,60,47527d25a7a7f1a293c14ee7f6aaa254be3163d14a2c6f2149b687357d9c4a60
validation,25,FXY,FX,238,15,0.06302521008403361,60,47527d25a7a7f1a293c14ee7f6aaa254be3163d14a2c6f2149b687357d9c4a60
validation,26,GLD,Commodities,238,7,0.029411764705882353,60,47527d25a7a7f1a293c14ee7f6aaa254be3163d14a2c6f2149b687357d9c4a60
validation,27,HYG,Bonds,238,8,0.03361344537815126,60,47527d25a7a7f1a293c14ee7f6aaa254be3163d14a2c6f2149b687357d9c4a60
validation,28,IEF,Bonds,238,2,0.008403361344537815,60,47527d25a7a7f1a293c14ee7f6aaa254be3163d14a2c6f2149b687357d9c4a60
validation,29,IFRA,Real assets,238,27,0.1134453781512605,60,47527d25a7a7f1a293c14ee7f6aaa254be3163d14a2c6f2149b687357d9c4a60
validation,30,INDA,Equities,238,17,0.07142857142857142,60,47527d25a7a7f1a293c14ee7f6aaa254be3163d14a2c6f2149b687357d9c4a60
validation,31,IWD,Equities,238,8,0.03361344537815126,60,47527d25a7a7f1a293c14ee7f6aaa254be3163d14a2c6f2149b687357d9c4a60
validation,32,IWF,Equities,238,21,0.08823529411764706,60,47527d25a7a7f1a293c14ee7f6aaa254be3163d14a2c6f2149b687357d9c4a60
validation,33,IWM,Equities,238,46,0.19327731092436976,60,47527d25a7a7f1a293c14ee7f6aaa254be3163d14a2c6f2149b687357d9c4a60
validation,34,IYR,Real assets,238,20,0.08403361344537816,60,47527d25a7a7f1a293c14ee7f6aaa254be3163d14a2c6f2149b687357d9c4a60
validation,35,JNK,Bonds,238,8,0.03361344537815126,60,47527d25a7a7f1a293c14ee7f6aaa254be3163d14a2c6f2149b687357d9c4a60
validation,36,LINK-USD,Crypto,379,211,0.5567282321899736,60,47527d25a7a7f1a293c14ee7f6aaa254be3163d14a2c6f2149b687357d9c4a60
validation,37,LQD,Bonds,238,1,0.004201680672268907,60,47527d25a7a7f1a293c14ee7f6aaa254be3163d14a2c6f2149b687357d9c4a60
validation,38,LTC-USD,Crypto,379,156,0.41160949868073876,60,47527d25a7a7f1a293c14ee7f6aaa254be3163d14a2c6f2149b687357d9c4a60
validation,39,MTUM,Equities,238,23,0.09663865546218488,60,47527d25a7a7f1a293c14ee7f6aaa254be3163d14a2c6f2149b687357d9c4a60
validation,40,MUB,Bonds,238,12,0.05042016806722689,60,47527d25a7a7f1a293c14ee7f6aaa254be3163d14a2c6f2149b687357d9c4a60
validation,41,PALL,Commodities,238,64,0.2689075630252101,60,47527d25a7a7f1a293c14ee7f6aaa254be3163d14a2c6f2149b687357d9c4a60
validation,42,PPLT,Commodities,238,25,0.10504201680672269,60,47527d25a7a7f1a293c14ee7f6aaa254be3163d14a2c6f2149b687357d9c4a60
validation,43,QQQ,Equities,238,23,0.09663865546218488,60,47527d25a7a7f1a293c14ee7f6aaa254be3163d14a2c6f2149b687357d9c4a60
validation,44,QUAL,Equities,238,12,0.05042016806722689,60,47527d25a7a7f1a293c14ee7f6aaa254be3163d14a2c6f2149b687357d9c4a60
validation,45,SHY,Bonds,238,10,0.04201680672268908,60,47527d25a7a7f1a293c14ee7f6aaa254be3163d14a2c6f2149b687357d9c4a60
validation,46,SIZE,Equities,238,15,0.06302521008403361,60,47527d25a7a7f1a293c14ee7f6aaa254be3163d14a2c6f2149b687357d9c4a60
validation,47,SLV,Commodities,238,42,0.17647058823529413,60,47527d25a7a7f1a293c14ee7f6aaa254be3163d14a2c6f2149b687357d9c4a60
validation,48,SOL-USD,Crypto,379,181,0.47757255936675463,60,47527d25a7a7f1a293c14ee7f6aaa254be3163d14a2c6f2149b687357d9c4a60
validation,49,SPY,Equities,238,23,0.09663865546218488,60,47527d25a7a7f1a293c14ee7f6aaa254be3163d14a2c6f2149b687357d9c4a60
validation,50,TIP,Bonds,238,0,0.0,60,47527d25a7a7f1a293c14ee7f6aaa254be3163d14a2c6f2149b687357d9c4a60
validation,51,TLT,Bonds,238,4,0.01680672268907563,60,47527d25a7a7f1a293c14ee7f6aaa254be3163d14a2c6f2149b687357d9c4a60
validation,52,UNG,Commodities,238,95,0.39915966386554624,60,47527d25a7a7f1a293c14ee7f6aaa254be3163d14a2c6f2149b687357d9c4a60
validation,54,USMV,Equities,238,3,0.012605042016806723,60,47527d25a7a7f1a293c14ee7f6aaa254be3163d14a2c6f2149b687357d9c4a60
validation,55,USO,Commodities,238,38,0.15966386554621848,60,47527d25a7a7f1a293c14ee7f6aaa254be3163d14a2c6f2149b687357d9c4a60
validation,56,UUP,FX,238,11,0.046218487394957986,60,47527d25a7a7f1a293c14ee7f6aaa254be3163d14a2c6f2149b687357d9c4a60
validation,57,VEA,Equities,238,2,0.008403361344537815,60,47527d25a7a7f1a293c14ee7f6aaa254be3163d14a2c6f2149b687357d9c4a60
validation,58,VGK,Equities,238,1,0.004201680672268907,60,47527d25a7a7f1a293c14ee7f6aaa254be3163d14a2c6f2149b687357d9c4a60
validation,59,VLUE,Equities,238,18,0.07563025210084033,60,47527d25a7a7f1a293c14ee7f6aaa254be3163d14a2c6f2149b687357d9c4a60
validation,60,VNQ,Real assets,238,20,0.08403361344537816,60,47527d25a7a7f1a293c14ee7f6aaa254be3163d14a2c6f2149b687357d9c4a60
validation,61,VT,Equities,238,21,0.08823529411764706,60,47527d25a7a7f1a293c14ee7f6aaa254be3163d14a2c6f2149b687357d9c4a60
validation,62,VTI,Equities,238,26,0.1092436974789916,60,47527d25a7a7f1a293c14ee7f6aaa254be3163d14a2c6f2149b687357d9c4a60
validation,63,VTV,Equities,238,5,0.02100840336134454,60,47527d25a7a7f1a293c14ee7f6aaa254be3163d14a2c6f2149b687357d9c4a60
validation,64,VUG,Equities,238,19,0.07983193277310924,60,47527d25a7a7f1a293c14ee7f6aaa254be3163d14a2c6f2149b687357d9c4a60
validation,65,VWO,Equities,238,12,0.05042016806722689,60,47527d25a7a7f1a293c14ee7f6aaa254be3163d14a2c6f2149b687357d9c4a60
validation,66,XBI,Equities,238,42,0.17647058823529413,60,47527d25a7a7f1a293c14ee7f6aaa254be3163d14a2c6f2149b687357d9c4a60
validation,67,XLB,Equities,238,13,0.0546218487394958,60,47527d25a7a7f1a293c14ee7f6aaa254be3163d14a2c6f2149b687357d9c4a60
validation,68,XLC,Equities,238,15,0.06302521008403361,60,47527d25a7a7f1a293c14ee7f6aaa254be3163d14a2c6f2149b687357d9c4a60
validation,69,XLE,Equities,238,27,0.1134453781512605,60,47527d25a7a7f1a293c14ee7f6aaa254be3163d14a2c6f2149b687357d9c4a60
validation,70,XLF,Equities,238,18,0.07563025210084033,60,47527d25a7a7f1a293c14ee7f6aaa254be3163d14a2c6f2149b687357d9c4a60
validation,71,XLI,Equities,238,14,0.058823529411764705,60,47527d25a7a7f1a293c14ee7f6aaa254be3163d14a2c6f2149b687357d9c4a60
validation,72,XLK,Equities,238,36,0.15126050420168066,60,47527d25a7a7f1a293c14ee7f6aaa254be3163d14a2c6f2149b687357d9c4a60
validation,73,XLM-USD,Crypto,379,198,0.5224274406332454,60,47527d25a7a7f1a293c14ee7f6aaa254be3163d14a2c6f2149b687357d9c4a60
validation,74,XLP,Equities,238,0,0.0,60,47527d25a7a7f1a293c14ee7f6aaa254be3163d14a2c6f2149b687357d9c4a60
validation,75,XLRE,Equities,238,18,0.07563025210084033,60,47527d25a7a7f1a293c14ee7f6aaa254be3163d14a2c6f2149b687357d9c4a60
validation,76,XLU,Equities,238,14,0.058823529411764705,60,47527d25a7a7f1a293c14ee7f6aaa254be3163d14a2c6f2149b687357d9c4a60
validation,77,XLV,Equities,238,15,0.06302521008403361,60,47527d25a7a7f1a293c14ee7f6aaa254be3163d14a2c6f2149b687357d9c4a60
validation,78,XLY,Equities,238,24,0.10084033613445378,60,47527d25a7a7f1a293c14ee7f6aaa254be3163d14a2c6f2149b687357d9c4a60
validation,79,XRP-USD,Crypto,379,171,0.45118733509234826,60,47527d25a7a7f1a293c14ee7f6aaa254be3163d14a2c6f2149b687357d9c4a60
test,0,ADA-USD,Crypto,397,223,0.5617128463476071,60,47527d25a7a7f1a293c14ee7f6aaa254be3163d14a2c6f2149b687357d9c4a60
test,1,AGG,Bonds,250,0,0.0,60,47527d25a7a7f1a293c14ee7f6aaa254be3163d14a2c6f2149b687357d9c4a60
test,2,AVAX-USD,Crypto,397,206,0.5188916876574308,60,47527d25a7a7f1a293c14ee7f6aaa254be3163d14a2c6f2149b687357d9c4a60
test,3,BCH-USD,Crypto,397,153,0.3853904282115869,60,47527d25a7a7f1a293c14ee7f6aaa254be3163d14a2c6f2149b687357d9c4a60
test,4,BND,Bonds,250,0,0.0,60,47527d25a7a7f1a293c14ee7f6aaa254be3163d14a2c6f2149b687357d9c4a60
test,5,BTC-USD,Crypto,397,113,0.28463476070528965,60,47527d25a7a7f1a293c14ee7f6aaa254be3163d14a2c6f2149b687357d9c4a60
test,6,CPER,Commodities,250,43,0.172,60,47527d25a7a7f1a293c14ee7f6aaa254be3163d14a2c6f2149b687357d9c4a60
test,7,DBA,Commodities,250,7,0.028,60,47527d25a7a7f1a293c14ee7f6aaa254be3163d14a2c6f2149b687357d9c4a60
test,8,DIA,Equities,250,5,0.02,60,47527d25a7a7f1a293c14ee7f6aaa254be3163d14a2c6f2149b687357d9c4a60
test,9,DOGE-USD,Crypto,397,203,0.5113350125944585,60,47527d25a7a7f1a293c14ee7f6aaa254be3163d14a2c6f2149b687357d9c4a60
test,10,DOT-USD,Crypto,397,225,0.5667506297229219,60,47527d25a7a7f1a293c14ee7f6aaa254be3163d14a2c6f2149b687357d9c4a60
test,11,EEM,Equities,250,26,0.104,60,47527d25a7a7f1a293c14ee7f6aaa254be3163d14a2c6f2149b687357d9c4a60
test,12,EFA,Equities,250,8,0.032,60,47527d25a7a7f1a293c14ee7f6aaa254be3163d14a2c6f2149b687357d9c4a60
test,13,EMB,Bonds,250,20,0.08,60,47527d25a7a7f1a293c14ee7f6aaa254be3163d14a2c6f2149b687357d9c4a60
test,14,ETH-USD,Crypto,397,171,0.43073047858942065,60,47527d25a7a7f1a293c14ee7f6aaa254be3163d14a2c6f2149b687357d9c4a60
test,15,EWA,Equities,250,8,0.032,60,47527d25a7a7f1a293c14ee7f6aaa254be3163d14a2c6f2149b687357d9c4a60
test,16,EWC,Equities,250,12,0.048,60,47527d25a7a7f1a293c14ee7f6aaa254be3163d14a2c6f2149b687357d9c4a60
test,17,EWJ,Equities,250,17,0.068,60,47527d25a7a7f1a293c14ee7f6aaa254be3163d14a2c6f2149b687357d9c4a60
test,18,EWU,Equities,250,3,0.012,60,47527d25a7a7f1a293c14ee7f6aaa254be3163d14a2c6f2149b687357d9c4a60
test,19,EWZ,Equities,250,38,0.152,60,47527d25a7a7f1a293c14ee7f6aaa254be3163d14a2c6f2149b687357d9c4a60
test,20,FXA,FX,250,5,0.02,60,47527d25a7a7f1a293c14ee7f6aaa254be3163d14a2c6f2149b687357d9c4a60
test,21,FXB,FX,250,4,0.016,60,47527d25a7a7f1a293c14ee7f6aaa254be3163d14a2c6f2149b687357d9c4a60
test,22,FXC,FX,250,3,0.012,60,47527d25a7a7f1a293c14ee7f6aaa254be3163d14a2c6f2149b687357d9c4a60
test,23,FXE,FX,250,14,0.056,60,47527d25a7a7f1a293c14ee7f6aaa254be3163d14a2c6f2149b687357d9c4a60
test,24,FXI,Equities,250,24,0.096,60,47527d25a7a7f1a293c14ee7f6aaa254be3163d14a2c6f2149b687357d9c4a60
test,25,FXY,FX,250,12,0.048,60,47527d25a7a7f1a293c14ee7f6aaa254be3163d14a2c6f2149b687357d9c4a60
test,26,GLD,Commodities,250,58,0.232,60,47527d25a7a7f1a293c14ee7f6aaa254be3163d14a2c6f2149b687357d9c4a60
test,27,HYG,Bonds,250,26,0.104,60,47527d25a7a7f1a293c14ee7f6aaa254be3163d14a2c6f2149b687357d9c4a60
test,28,IEF,Bonds,250,0,0.0,60,47527d25a7a7f1a293c14ee7f6aaa254be3163d14a2c6f2149b687357d9c4a60
test,29,IFRA,Real assets,250,1,0.004,60,47527d25a7a7f1a293c14ee7f6aaa254be3163d14a2c6f2149b687357d9c4a60
test,30,INDA,Equities,250,13,0.052,60,47527d25a7a7f1a293c14ee7f6aaa254be3163d14a2c6f2149b687357d9c4a60
test,31,IWD,Equities,250,6,0.024,60,47527d25a7a7f1a293c14ee7f6aaa254be3163d14a2c6f2149b687357d9c4a60
test,32,IWF,Equities,250,20,0.08,60,47527d25a7a7f1a293c14ee7f6aaa254be3163d14a2c6f2149b687357d9c4a60
test,33,IWM,Equities,250,8,0.032,60,47527d25a7a7f1a293c14ee7f6aaa254be3163d14a2c6f2149b687357d9c4a60
test,34,IYR,Real assets,250,4,0.016,60,47527d25a7a7f1a293c14ee7f6aaa254be3163d14a2c6f2149b687357d9c4a60
test,35,JNK,Bonds,250,22,0.088,60,47527d25a7a7f1a293c14ee7f6aaa254be3163d14a2c6f2149b687357d9c4a60
test,36,LINK-USD,Crypto,397,193,0.48614609571788414,60,47527d25a7a7f1a293c14ee7f6aaa254be3163d14a2c6f2149b687357d9c4a60
test,37,LQD,Bonds,250,10,0.04,60,47527d25a7a7f1a293c14ee7f6aaa254be3163d14a2c6f2149b687357d9c4a60
test,38,LTC-USD,Crypto,397,179,0.4508816120906801,60,47527d25a7a7f1a293c14ee7f6aaa254be3163d14a2c6f2149b687357d9c4a60
test,39,MTUM,Equities,250,10,0.04,60,47527d25a7a7f1a293c14ee7f6aaa254be3163d14a2c6f2149b687357d9c4a60
test,40,MUB,Bonds,250,24,0.096,60,47527d25a7a7f1a293c14ee7f6aaa254be3163d14a2c6f2149b687357d9c4a60
test,41,PALL,Commodities,250,88,0.352,60,47527d25a7a7f1a293c14ee7f6aaa254be3163d14a2c6f2149b687357d9c4a60
test,42,PPLT,Commodities,250,81,0.324,60,47527d25a7a7f1a293c14ee7f6aaa254be3163d14a2c6f2149b687357d9c4a60
test,43,QQQ,Equities,250,24,0.096,60,47527d25a7a7f1a293c14ee7f6aaa254be3163d14a2c6f2149b687357d9c4a60
test,44,QUAL,Equities,250,10,0.04,60,47527d25a7a7f1a293c14ee7f6aaa254be3163d14a2c6f2149b687357d9c4a60
test,45,SHY,Bonds,250,16,0.064,60,47527d25a7a7f1a293c14ee7f6aaa254be3163d14a2c6f2149b687357d9c4a60
test,46,SIZE,Equities,250,5,0.02,60,47527d25a7a7f1a293c14ee7f6aaa254be3163d14a2c6f2149b687357d9c4a60
test,47,SLV,Commodities,250,73,0.292,60,47527d25a7a7f1a293c14ee7f6aaa254be3163d14a2c6f2149b687357d9c4a60
test,48,SOL-USD,Crypto,397,186,0.46851385390428213,60,47527d25a7a7f1a293c14ee7f6aaa254be3163d14a2c6f2149b687357d9c4a60
test,49,SPY,Equities,250,17,0.068,60,47527d25a7a7f1a293c14ee7f6aaa254be3163d14a2c6f2149b687357d9c4a60
test,50,TIP,Bonds,250,2,0.008,60,47527d25a7a7f1a293c14ee7f6aaa254be3163d14a2c6f2149b687357d9c4a60
test,51,TLT,Bonds,250,0,0.0,60,47527d25a7a7f1a293c14ee7f6aaa254be3163d14a2c6f2149b687357d9c4a60
test,52,UNG,Commodities,250,106,0.424,60,47527d25a7a7f1a293c14ee7f6aaa254be3163d14a2c6f2149b687357d9c4a60
test,54,USMV,Equities,250,0,0.0,60,47527d25a7a7f1a293c14ee7f6aaa254be3163d14a2c6f2149b687357d9c4a60
test,55,USO,Commodities,250,64,0.256,60,47527d25a7a7f1a293c14ee7f6aaa254be3163d14a2c6f2149b687357d9c4a60
test,56,UUP,FX,250,10,0.04,60,47527d25a7a7f1a293c14ee7f6aaa254be3163d14a2c6f2149b687357d9c4a60
test,57,VEA,Equities,250,6,0.024,60,47527d25a7a7f1a293c14ee7f6aaa254be3163d14a2c6f2149b687357d9c4a60
test,58,VGK,Equities,250,11,0.044,60,47527d25a7a7f1a293c14ee7f6aaa254be3163d14a2c6f2149b687357d9c4a60
test,59,VLUE,Equities,250,6,0.024,60,47527d25a7a7f1a293c14ee7f6aaa254be3163d14a2c6f2149b687357d9c4a60
test,60,VNQ,Real assets,250,5,0.02,60,47527d25a7a7f1a293c14ee7f6aaa254be3163d14a2c6f2149b687357d9c4a60
test,61,VT,Equities,250,12,0.048,60,47527d25a7a7f1a293c14ee7f6aaa254be3163d14a2c6f2149b687357d9c4a60
test,62,VTI,Equities,250,16,0.064,60,47527d25a7a7f1a293c14ee7f6aaa254be3163d14a2c6f2149b687357d9c4a60
test,63,VTV,Equities,250,1,0.004,60,47527d25a7a7f1a293c14ee7f6aaa254be3163d14a2c6f2149b687357d9c4a60
test,64,VUG,Equities,250,25,0.1,60,47527d25a7a7f1a293c14ee7f6aaa254be3163d14a2c6f2149b687357d9c4a60
test,65,VWO,Equities,250,17,0.068,60,47527d25a7a7f1a293c14ee7f6aaa254be3163d14a2c6f2149b687357d9c4a60
test,66,XBI,Equities,250,8,0.032,60,47527d25a7a7f1a293c14ee7f6aaa254be3163d14a2c6f2149b687357d9c4a60
test,67,XLB,Equities,250,13,0.052,60,47527d25a7a7f1a293c14ee7f6aaa254be3163d14a2c6f2149b687357d9c4a60
test,68,XLC,Equities,250,9,0.036,60,47527d25a7a7f1a293c14ee7f6aaa254be3163d14a2c6f2149b687357d9c4a60
test,69,XLE,Equities,250,15,0.06,60,47527d25a7a7f1a293c14ee7f6aaa254be3163d14a2c6f2149b687357d9c4a60
test,70,XLF,Equities,250,11,0.044,60,47527d25a7a7f1a293c14ee7f6aaa254be3163d14a2c6f2149b687357d9c4a60
test,71,XLI,Equities,250,7,0.028,60,47527d25a7a7f1a293c14ee7f6aaa254be3163d14a2c6f2149b687357d9c4a60
test,72,XLK,Equities,250,33,0.132,60,47527d25a7a7f1a293c14ee7f6aaa254be3163d14a2c6f2149b687357d9c4a60
test,73,XLM-USD,Crypto,397,241,0.6070528967254408,60,47527d25a7a7f1a293c14ee7f6aaa254be3163d14a2c6f2149b687357d9c4a60
test,74,XLP,Equities,250,12,0.048,60,47527d25a7a7f1a293c14ee7f6aaa254be3163d14a2c6f2149b687357d9c4a60
test,75,XLRE,Equities,250,4,0.016,60,47527d25a7a7f1a293c14ee7f6aaa254be3163d14a2c6f2149b687357d9c4a60
test,76,XLU,Equities,250,5,0.02,60,47527d25a7a7f1a293c14ee7f6aaa254be3163d14a2c6f2149b687357d9c4a60
test,77,XLV,Equities,250,8,0.032,60,47527d25a7a7f1a293c14ee7f6aaa254be3163d14a2c6f2149b687357d9c4a60
test,78,XLY,Equities,250,14,0.056,60,47527d25a7a7f1a293c14ee7f6aaa254be3163d14a2c6f2149b687357d9c4a60
test,79,XRP-USD,Crypto,397,193,0.48614609571788414,60,47527d25a7a7f1a293c14ee7f6aaa254be3163d14a2c6f2149b687357d9c4a60
