study,cell,seed,split,score_type,calibration_method,threshold,n_obs,class_balance,prediction_positive_rate,prediction_unique_values,accuracy,balanced_accuracy,f1,roc_auc,pr_auc,brier_score,expected_calibration_error,n,log_loss,calibration_intercept,calibration_slope,true_negative,false_positive,false_negative,true_positive,degenerate_prediction,per_asset_macro_roc_auc,pair_weighted_within_asset_roc_auc,eligible_assets,comparable_pairs,equal_asset_roc_auc,per_asset_macro_pr_auc,within_asset_estimate,within_asset_ci_lower,within_asset_ci_upper,within_asset_valid_draw_fraction
static_dynamic,static_dynamic__asset_prior,ensemble,validation,raw,isotonic,0.22,20494.0,0.16746364789694546,0.26837123060407925,2.0,0.8076510198106763,0.7754294873844165,0.5586654724585759,0.8246232921534761,0.46693951433264785,0.10560287506407252,0.02039664612521238,20494.0,0.3454059653492666,-0.019281008395302,1.1377722333644407,14057.0,3005.0,937.0,2495.0,False,0.5,0.5,75,662644,0.8123743927828881,0.1452907917784528,,,,
static_dynamic,static_dynamic__asset_prior,ensemble,validation,validation_calibrated,isotonic,0.22,20494.0,0.16746364789694546,0.23353176539474968,2.0,0.8282424124133893,0.7708042675294463,0.5716719396446824,0.8279175219048914,0.464600756233079,0.10469124938547512,4.1469489867793376e-17,20494.0,0.3401162020924244,-0.000321638521326792,0.9996719748945835,14625.0,2437.0,1083.0,2349.0,False,0.5,0.5,75,662644,0.8163872130306311,0.1452907917784528,,,,
static_dynamic,static_dynamic__asset_prior,ensemble,test,raw,isotonic,0.22,21514.0,0.16133680394161942,0.2679185646555731,2.0,0.810774379473831,0.7837606816316851,0.5591770438548999,0.8239058561294393,0.45307282583307684,0.10325009972216409,0.02670798158065066,21514.0,0.3388593980264592,-0.07109655282906356,1.1431839277982612,14861.0,3182.0,889.0,2582.0,False,0.5,0.5,74,703101,0.8123365581889045,0.14186738375655256,,,,
static_dynamic,static_dynamic__asset_prior,ensemble,test,validation_calibrated,isotonic,0.22,21514.0,0.16133680394161942,0.23305754392488612,2.0,0.8279724830343033,0.7719095311429355,0.5638185032410136,0.8233205358695838,0.44845459750915495,0.102467932530979,0.011567285677552875,21514.0,0.3342166185360394,-0.06272502553772097,0.9948373783559138,15421.0,2622.0,1079.0,2392.0,False,0.5,0.5,74,703101,0.8112864654154331,0.14186738375655256,,,,
static_dynamic,static_dynamic__existing_mlp_asset_conditioned,ensemble,validation,raw,isotonic,0.24,20494.0,0.16746364789694546,0.7530008783058456,2.0,0.3923099443739631,0.6086180381764135,0.33980067854113655,0.8026398358898944,0.4368714900785807,0.24883940504537866,0.32126363509642636,20494.0,1.5176356264665531,-2.035013998852631,0.17722103986363216,4835.0,12227.0,227.0,3205.0,False,0.5238687372622425,0.5345117438624661,75,662644,0.7870762741662145,0.17495360858577444,,,,
static_dynamic,static_dynamic__existing_mlp_asset_conditioned,ensemble,validation,validation_calibrated,isotonic,0.24,20494.0,0.16746364789694546,0.2513418561530204,2.0,0.807699814579877,0.7552081924444485,0.5408365373412559,0.8055162575185141,0.43069277056949057,0.1095605435022535,1.0991717170705781e-17,20494.0,0.3550339445719612,-0.00036563156217056254,0.9996365939838857,14232.0,2830.0,1111.0,2321.0,False,0.5343762682470682,0.5425869697756261,75,662644,0.7904808580486167,0.17273347406931505,,,,
static_dynamic,static_dynamic__existing_mlp_asset_conditioned,ensemble,test,raw,isotonic,0.24,21514.0,0.16133680394161942,0.9167518824951194,2.0,0.23770568002231104,0.5369210270167846,0.2929205829093731,0.7964022228469769,0.40551848830880516,0.3404364667745074,0.44569183365205334,21514.0,1.979545941377585,-2.361428495817909,0.1850756134811339,1717.0,16326.0,74.0,3397.0,False,0.6106001137913051,0.5580357587316758,74,703101,0.7841644733809281,0.18520374174947127,,,,
static_dynamic,static_dynamic__existing_mlp_asset_conditioned,ensemble,test,validation_calibrated,isotonic,0.24,21514.0,0.16133680394161942,0.30501069071302406,2.0,0.7651296829971181,0.7458447123650784,0.4963620053822386,0.7957457434704985,0.3934070215647509,0.11289160971847415,0.04171065382755533,21514.0,0.3653272159642565,-0.2854924476760059,1.0609587751450313,13971.0,4072.0,981.0,2490.0,False,0.6064641768101765,0.5537077887814126,74,703101,0.7836364224775412,0.17646107353111512,,,,
static_dynamic,static_dynamic__existing_mlp_no_id,ensemble,validation,raw,isotonic,0.15,20494.0,0.16746364789694546,1.0,1.0,0.16746364789694546,0.5,0.28688456072891416,0.5466003904859256,0.1778429556122799,0.6914273155544398,0.7363160707968847,20494.0,5.194642235854078,-1.771522792629812,0.02614544202945402,0.0,17062.0,0.0,3432.0,True,0.5186894198294864,0.5203261479768926,75,662644,0.5394965241767652,0.16313147341405754,,,,
static_dynamic,static_dynamic__existing_mlp_no_id,ensemble,validation,validation_calibrated,isotonic,0.15,20494.0,0.16746364789694546,0.8444910705572363,2.0,0.2924270518200449,0.5386220151707786,0.30078595882154396,0.5575084263507367,0.1871824954534385,0.13831917571545582,6.831267717926173e-10,20494.0,0.4474054547329824,-0.009185848958351617,0.9941647183444711,2874.0,14188.0,313.0,3119.0,False,0.5246382608836991,0.5177433131515565,75,662644,0.5513298869281892,0.15377280931159315,,,,
static_dynamic,static_dynamic__existing_mlp_no_id,ensemble,test,raw,isotonic,0.15,21514.0,0.16133680394161942,1.0,1.0,0.16133680394161942,0.5,0.27784670802481487,0.5207472535958108,0.16819574565266443,0.809793116097772,0.8189222884259041,21514.0,9.885762829973777,-1.909582082797851,0.02194428424838422,0.0,18043.0,0.0,3471.0,True,0.6358591101488054,0.5499067701510878,74,703101,0.5371313126968952,0.17007026096933525,,,,
static_dynamic,static_dynamic__existing_mlp_no_id,ensemble,test,validation_calibrated,isotonic,0.15,21514.0,0.16133680394161942,0.9685321186204332,2.0,0.18741284744817327,0.5087985257791844,0.28081290110251766,0.50670365503657,0.16310582859103415,0.13575251482073175,0.02536552106002841,21514.0,0.4439979794436504,-1.236451029365514,0.27549977179122676,619.0,17424.0,58.0,3413.0,True,0.5340879481843184,0.5166974588288169,74,703101,0.5061451857150596,0.14628342392526825,,,,
static_dynamic,static_dynamic__existing_transformer_asset_conditioned,ensemble,validation,raw,isotonic,0.23,20494.0,0.16746364789694546,0.3437103542500244,2.0,0.7405094173904557,0.7448821130614003,0.4923634975181367,0.8013500792666484,0.46573901881516333,0.1342058599225004,0.11147647990675918,20494.0,0.48250247570247806,-1.181811884070541,0.45044382589702825,12597.0,4465.0,853.0,2579.0,False,0.5724590673418448,0.5774782537833286,75,662644,0.7794977795354153,0.20295890246165788,,,,
static_dynamic,static_dynamic__existing_transformer_asset_conditioned,ensemble,validation,validation_calibrated,isotonic,0.23,20494.0,0.16746364789694546,0.22099150971015907,2.0,0.8281936176441885,0.7557615869068219,0.5577188795377465,0.8041270333425417,0.4590637343137049,0.10671330346213814,1.854201270970867e-09,20494.0,0.3506044119875633,-0.001076158801354976,0.9991690735221342,14753.0,2309.0,1212.0,2220.0,False,0.5845865653628568,0.5898823501005065,75,662644,0.7827275958989816,0.19266817416336246,,,,
static_dynamic,static_dynamic__existing_transformer_asset_conditioned,ensemble,test,raw,isotonic,0.23,21514.0,0.16133680394161942,0.4589104768987636,2.0,0.6414427814446407,0.7099144201646526,0.4219124700239808,0.7898135576855017,0.42105625530862906,0.14458327615402652,0.13768305597599456,21514.0,0.48049959544224247,-1.2885328920274393,0.5406410459170036,10985.0,7058.0,656.0,2815.0,False,0.5387429250648953,0.49163847014866996,74,703101,0.7715919009056541,0.1796448913430516,,,,
static_dynamic,static_dynamic__existing_transformer_asset_conditioned,ensemble,test,validation_calibrated,isotonic,0.23,21514.0,0.16133680394161942,0.2660128288556289,2.0,0.791205726503672,0.7452197687802146,0.5114204916249728,0.7890706702399992,0.4028659531358338,0.11091954467842026,0.029351486549651355,21514.0,0.360548082620905,-0.20680470603246387,1.0019536914337852,14671.0,3372.0,1120.0,2351.0,False,0.5466437065927551,0.49818376022790467,74,703101,0.7707647413260675,0.16494452271925228,,,,
static_dynamic,static_dynamic__existing_transformer_no_id,ensemble,validation,raw,isotonic,0.26,20494.0,0.16746364789694546,0.5025373279984385,2.0,0.6040304479359813,0.6895679926684499,0.4090015293860607,0.7782865688115659,0.4304179183127563,0.20852483191315585,0.2687045420556128,20494.0,0.762475329548269,-1.9052151737325422,0.43795137124349,9571.0,7491.0,624.0,2808.0,False,0.6025618512618339,0.5465046088095569,75,662644,0.7529484647726992,0.2312073954121254,,,,
static_dynamic,static_dynamic__existing_transformer_no_id,ensemble,validation,validation_calibrated,isotonic,0.26,20494.0,0.16746364789694546,0.19230018542012298,2.0,0.8319020201034449,0.7281947724451534,0.5327546453275465,0.7842112879696398,0.43082995426302395,0.11077570697513733,3.0565803945990483e-17,20494.0,0.3638411260294941,-0.00036405414286774665,0.9996132879119021,15085.0,1977.0,1468.0,1964.0,False,0.6103916101765401,0.5638374451439989,75,662644,0.7598711864156314,0.2243146019229788,,,,
static_dynamic,static_dynamic__existing_transformer_no_id,ensemble,test,raw,isotonic,0.26,21514.0,0.16133680394161942,0.7601561773728734,2.0,0.36576182950636793,0.5775503118426734,0.3117276166456494,0.7154766631709042,0.36285494948171465,0.3201841947172826,0.3993780046965233,21514.0,1.0300132548857668,-2.100610816059265,0.4038151254181907,4779.0,13264.0,381.0,3090.0,False,0.5356239580350101,0.47256937481243805,74,703101,0.6832379111130219,0.16080871798137072,,,,
static_dynamic,static_dynamic__existing_transformer_no_id,ensemble,test,validation_calibrated,isotonic,0.26,21514.0,0.16133680394161942,0.2449102909733197,2.0,0.7725202193920238,0.6842865677024027,0.440045766590389,0.7159195135063644,0.3541139054374183,0.12407858508876167,0.05960472483628847,21514.0,0.4062462528152282,-0.5542342123431643,0.8103503752864585,14697.0,3346.0,1548.0,1923.0,False,0.5207167239018957,0.47834308299945527,74,703101,0.6827366279368959,0.157497165840302,,,,
static_dynamic,static_dynamic__family_prior,ensemble,validation,raw,isotonic,0.17,20494.0,0.16746364789694546,0.3148238508831853,2.0,0.7687127939884845,0.7610056590539536,0.5204370700121408,0.8002665583547075,0.4130900666774381,0.10800198960601183,0.01982676659372192,20494.0,0.35388014348146213,0.0407502460696843,1.158002017652262,13182.0,3880.0,860.0,2572.0,False,0.5,0.5,75,662644,0.7829340599533665,0.1452907917784528,,,,
static_dynamic,static_dynamic__family_prior,ensemble,validation,validation_calibrated,isotonic,0.17,20494.0,0.16746364789694546,0.22191861032497318,2.0,0.8305845613350249,0.7611545401810318,0.5649122807017544,0.801943136084796,0.4119559366408625,0.10746762736276148,3.414664428597891e-17,20494.0,0.350283070227568,-0.0006440127174647259,0.9993025034923936,14768.0,2294.0,1178.0,2254.0,False,0.5,0.5,75,662644,0.78526956162762,0.1452907917784528,,,,
static_dynamic,static_dynamic__family_prior,ensemble,test,raw,isotonic,0.17,21514.0,0.16133680394161942,0.31439992562982244,2.0,0.7851166682160453,0.7945238552934775,0.5483146067415731,0.816548771506871,0.41485020028577724,0.10488716626764931,0.022326289941847776,21514.0,0.3449070152975175,0.008372024310058887,1.1806070508625466,14085.0,3958.0,665.0,2806.0,False,0.5,0.5,74,703101,0.8066020110871265,0.14186738375655256,,,,
static_dynamic,static_dynamic__family_prior,ensemble,test,validation_calibrated,isotonic,0.17,21514.0,0.16133680394161942,0.2214372036813238,2.0,0.8297387747513247,0.7606306235402023,0.5551912568306011,0.8140279041138848,0.4133809060228909,0.10393048350519639,0.02321176271351487,21514.0,0.3387627093489576,-0.02465281861108455,1.0275352030622074,15565.0,2478.0,1185.0,2286.0,False,0.5,0.5,74,703101,0.8030895057159912,0.14186738375655256,,,,
static_dynamic,static_dynamic__flattened_logistic_no_id,ensemble,validation,raw,platt,0.15,20494.0,0.16746364789694546,0.9998536156923977,2.0,0.16761003220454768,0.500087914664166,0.28692053672198303,0.37226004419914865,0.12822110950086613,0.8154647702099838,0.8193653851781122,20494.0,9.052385162619295,-0.5649015455648607,-0.10286379293993093,3.0,17059.0,0.0,3432.0,True,0.5136706453418652,0.5165428193720912,75,662644,0.3902674626517595,0.15685697754210934,,,,
static_dynamic,static_dynamic__flattened_logistic_no_id,ensemble,validation,validation_calibrated,platt,0.15,20494.0,0.16746364789694546,0.44212940372792037,2.0,0.5980774860934908,0.6068525211357236,0.3406707756343552,0.6277399558008513,0.2239041610707652,0.13637715372002637,0.012256134529635554,20494.0,0.4402000036561357,-0.0026832510231137264,0.9982410689655347,10129.0,6933.0,1304.0,2128.0,False,0.49136541118178617,0.4850500419531453,75,662644,0.6106155327202336,0.16111521488856242,,,,
static_dynamic,static_dynamic__flattened_logistic_no_id,ensemble,test,raw,platt,0.15,21514.0,0.16133680394161942,0.9976759319512876,2.0,0.16050013944408292,0.4955456612475084,0.27567675957489474,0.4118012728420325,0.13279953132751166,0.8199294692864225,0.8227162794044119,21514.0,9.607529936575425,-1.0251064113622252,-0.056789715917198606,16.0,18027.0,34.0,3437.0,True,0.5513611132395617,0.5320608276762514,74,703101,0.41843144173615066,0.15557750300198406,,,,
static_dynamic,static_dynamic__flattened_logistic_no_id,ensemble,test,validation_calibrated,platt,0.15,21514.0,0.16133680394161942,0.342660593102166,2.0,0.6406525983080784,0.5629723612498221,0.2870054412985336,0.5881987271579675,0.20204172512147622,0.13543677740132837,0.03348552759648346,21514.0,0.44085152861711996,-0.7175211688258565,0.549775190868602,12227.0,5816.0,1915.0,1556.0,False,0.44873382134925316,0.4688977828220981,74,703101,0.5707638061704333,0.14551618583739767,,,,
static_dynamic,static_dynamic__global_prior,ensemble,validation,raw,isotonic,0.0,20494.0,0.16746364789694546,1.0,1.0,0.16746364789694546,0.5,0.28688456072891416,0.5,0.16746364789694546,0.14040452959679336,0.03138399379938839,20494.0,0.45578774708075315,,,0.0,17062.0,0.0,3432.0,True,0.5,0.5,75,662644,0.5,0.1452907917784528,,,,
static_dynamic,static_dynamic__global_prior,ensemble,validation,validation_calibrated,isotonic,0.0,20494.0,0.16746364789694546,1.0,1.0,0.16746364789694546,0.5,0.28688456072891416,0.5,0.16746364789694546,0.13941957452999332,2.7755575615628914e-17,20494.0,0.4518416169376818,,,0.0,17062.0,0.0,3432.0,True,0.5,0.5,75,662644,0.5,0.1452907917784528,,,,
static_dynamic,static_dynamic__global_prior,ensemble,test,raw,isotonic,0.0,21514.0,0.16133680394161942,1.0,1.0,0.16133680394161942,0.5,0.27784670802481487,0.5,0.16133680394161942,0.13594516325376826,0.025257149844062354,21514.0,0.444463867990895,,,0.0,18043.0,0.0,3471.0,True,0.5,0.5,74,703101,0.5,0.14186738375655256,,,,
static_dynamic,static_dynamic__global_prior,ensemble,test,validation_calibrated,isotonic,0.0,21514.0,0.16133680394161942,1.0,1.0,0.16133680394161942,0.5,0.27784670802481487,0.5,0.16133680394161942,0.1353447778523758,0.006126843955326061,21514.0,0.44201593242248144,,,0.0,18043.0,0.0,3471.0,True,0.5,0.5,74,703101,0.5,0.14186738375655256,,,,
static_dynamic,static_dynamic__mlp__asset_prior_dynamic_residual,ensemble,validation,raw,isotonic,0.26,20494.0,0.16746364789694546,0.1928369278813311,2.0,0.817897921342832,0.7037234490200145,0.4945828819068256,0.8123784769327496,0.4438496134546199,0.11310700500567669,0.032024665433513656,20494.0,0.36290992311026,0.2248859539441214,0.9617274694230828,14936.0,2126.0,1606.0,1826.0,False,0.5783825037056383,0.5542478314147566,75,662644,0.8003727087401489,0.19732922170559966,,,,
static_dynamic,static_dynamic__mlp__asset_prior_dynamic_residual,ensemble,validation,validation_calibrated,isotonic,0.26,20494.0,0.16746364789694546,0.27085976383331706,2.0,0.793158973358056,0.752410856443209,0.5281086496716019,0.8143782793809168,0.4425268841903253,0.11014475287709234,1.7761296002581572e-08,20494.0,0.3539733257966117,-0.0004819793385453864,0.9995620920718737,13883.0,3179.0,1060.0,2372.0,False,0.5855169807025592,0.5612825287786504,75,662644,0.80250959635862,0.19549159195140106,,,,
static_dynamic,static_dynamic__mlp__asset_prior_dynamic_residual,ensemble,test,raw,isotonic,0.26,21514.0,0.16133680394161942,0.28428000371850887,2.0,0.7586222924607232,0.7078777269697587,0.4583289871701262,0.7793218712626594,0.3365190948157732,0.12318782829800749,0.03069219091963525,21514.0,0.38721657612998966,-0.5150667646129875,0.7446386385448354,14124.0,3919.0,1274.0,2197.0,False,0.5455604936731886,0.522909226412706,74,703101,0.7726868118773277,0.16861031030972692,,,,
static_dynamic,static_dynamic__mlp__asset_prior_dynamic_residual,ensemble,test,validation_calibrated,isotonic,0.26,21514.0,0.16133680394161942,0.3683647857209259,2.0,0.7147903690620061,0.7321205514155316,0.4615654615654616,0.7796025158567949,0.34342023248016235,0.12211829391712954,0.055852891084351625,21514.0,0.3887225558279626,-0.5819907197868329,0.838460764302811,12748.0,5295.0,841.0,2630.0,False,0.5479574610183117,0.5246664419478851,74,703101,0.7728529713317582,0.1672798727635978,,,,
static_dynamic,static_dynamic__mlp__asset_prior_dynamic_residual,123,validation,raw,none,0.5,20494.0,0.16746364789694546,0.04069483751341856,2.0,0.8357568068703035,0.5543063635461948,0.2109704641350211,0.8008015091812419,0.42697661385103797,0.11662095999193037,0.04498183032810711,20494.0,0.37912620184685003,0.14343239919126224,0.8247030125682503,16678.0,384.0,2982.0,450.0,True,0.5770390748897569,0.5603068917850309,75,662644,0.7873199714264874,0.20541840554016402,,,,
static_dynamic,static_dynamic__mlp__asset_prior_dynamic_residual,123,test,raw,none,0.5,21514.0,0.16133680394161942,0.08877939946081621,2.0,0.809472901366552,0.5571705100972575,0.23824567924177661,0.7505363359941717,0.2947975410458626,0.13909267906703904,0.06957521806715987,21514.0,0.44643994162736134,-0.7633156034266886,0.43896896371867794,16774.0,1269.0,2830.0,641.0,False,0.5133447614554568,0.5149587328136356,74,703101,0.7398197412902433,0.15906525451816636,,,,
static_dynamic,static_dynamic__mlp__asset_prior_dynamic_residual,42,validation,raw,none,0.5,20494.0,0.16746364789694546,0.0656777593441983,2.0,0.8379037767151362,0.5879501852424136,0.30473001255755544,0.8151458078708692,0.44370231516947295,0.11233612677161678,0.021934258637030406,20494.0,0.35922484370941143,0.00861727543473725,0.9122787343401491,16444.0,618.0,2704.0,728.0,False,0.5902573999129374,0.5549842751160502,75,662644,0.8046665074462881,0.20417802219943496,,,,
static_dynamic,static_dynamic__mlp__asset_prior_dynamic_residual,42,test,raw,none,0.5,21514.0,0.16133680394161942,0.1460444361810914,2.0,0.817281770010226,0.643263444749844,0.4055647966127325,0.7904662527669862,0.383459513362877,0.12414965001229576,0.07114651665199348,21514.0,0.39162744090747265,-0.7128766842732823,0.8182836407016666,16242.0,1801.0,2130.0,1341.0,False,0.5864257024231219,0.5354949004481575,74,703101,0.7859013867713377,0.1966455740160952,,,,
static_dynamic,static_dynamic__mlp__asset_prior_dynamic_residual,7,validation,raw,none,0.5,20494.0,0.16746364789694546,0.03400995413291695,2.0,0.833951400409876,0.543096782774136,0.17582949866795836,0.8030924990689379,0.42692917420356363,0.1153967140026011,0.03731275178961378,20494.0,0.37080089375732744,0.232470314959288,0.9435306271407385,16728.0,334.0,3069.0,363.0,True,0.5513511191777674,0.5354624806079886,75,662644,0.7893468350776744,0.18482279768481769,,,,
static_dynamic,static_dynamic__mlp__asset_prior_dynamic_residual,7,test,raw,none,0.5,21514.0,0.16133680394161942,0.06842056335409501,2.0,0.8174676954541229,0.5464637974780724,0.20554319239328342,0.7785833988279831,0.33710398459008734,0.12201150155005834,0.02629838135285806,21514.0,0.3860834897118947,-0.4269283069152763,0.730299466704758,17079.0,964.0,2963.0,508.0,False,0.5135278571678947,0.5093578305250597,74,703101,0.7710221482279825,0.1663093690623832,,,,
static_dynamic,static_dynamic__mlp__family_prior_dynamic_residual,ensemble,validation,raw,isotonic,0.24,20494.0,0.16746364789694546,0.2507563189226115,2.0,0.7879867278227773,0.719161404082574,0.49305798623264496,0.7886113332316884,0.3994170946541733,0.11774534026543308,0.02720684964856391,20494.0,0.3762501419360457,-0.13567374401506435,0.8831172654823576,14036.0,3026.0,1319.0,2113.0,False,0.5795815478542382,0.5588234406408268,75,662644,0.7736763818674897,0.20455281956121987,0.5588234406408268,0.4860949829154304,0.6290199585227277,1.0
static_dynamic,static_dynamic__mlp__family_prior_dynamic_residual,ensemble,validation,validation_calibrated,isotonic,0.24,20494.0,0.16746364789694546,0.2854006050551381,2.0,0.7750073192153801,0.7372032760542313,0.5031785367956039,0.7909389798456146,0.39519613558955025,0.11505163333555771,9.222211380110061e-09,20494.0,0.3684316478650944,-0.0006805325831263368,0.9994446717095208,13548.0,3514.0,1097.0,2335.0,False,0.587556224387195,0.56517979488232,75,662644,0.7762732388976862,0.20040726399782074,,,,
static_dynamic,static_dynamic__mlp__family_prior_dynamic_residual,ensemble,test,raw,isotonic,0.24,21514.0,0.16133680394161942,0.3890954727154411,2.0,0.6805800873849587,0.694855656530233,0.419692619489951,0.7420024394172295,0.29717239915793575,0.14044022924101215,0.078606150250537,21514.0,0.43275161635718956,-0.906698724691194,0.6232308006797406,12157.0,5886.0,986.0,2485.0,False,0.5532721438849011,0.525359798947804,74,703101,0.7358803723395672,0.17191994338431152,0.525359798947804,0.4437059202239047,0.6020333750207533,1.0
static_dynamic,static_dynamic__mlp__family_prior_dynamic_residual,ensemble,test,validation_calibrated,isotonic,0.24,21514.0,0.16133680394161942,0.42344519847541134,2.0,0.6593381054197267,0.6985952824723127,0.41745489229790955,0.7397384490103694,0.2937617513058278,0.13041969867068787,0.06475962984317687,21514.0,0.4302753663866973,-0.8437179081004106,0.6134944682017727,11559.0,6484.0,845.0,2626.0,False,0.5485135448612771,0.5237810783941426,74,703101,0.7332046186155629,0.16721874613030835,,,,
static_dynamic,static_dynamic__mlp__family_prior_dynamic_residual,123,validation,raw,none,0.5,20494.0,0.16746364789694546,0.0783156045671904,2.0,0.8207768127256758,0.572310562683907,0.2707961087949176,0.7711687171891135,0.3578350375598627,0.12534442954095054,0.039080428348536436,20494.0,0.40069507418839184,-0.3783942126045281,0.6684209291400046,16139.0,923.0,2750.0,682.0,False,0.5793240417232962,0.5604442204260508,75,662644,0.755910615927091,0.20891080666471715,,,,
static_dynamic,static_dynamic__mlp__family_prior_dynamic_residual,123,test,raw,none,0.5,21514.0,0.16133680394161942,0.14674165659570512,2.0,0.7783768708747792,0.572253472461901,0.28062764031382015,0.7108986721803046,0.25296105364697735,0.16482387289561753,0.0952247454166896,21514.0,0.5414683613729078,-1.218534056639372,0.2820164116527089,15816.0,2227.0,2541.0,930.0,False,0.5350970806970803,0.5199366805053612,74,703101,0.7025529337837908,0.16285056410711968,,,,
static_dynamic,static_dynamic__mlp__family_prior_dynamic_residual,42,validation,raw,none,0.5,20494.0,0.16746364789694546,0.07045964672587099,2.0,0.8339026056406753,0.5864782464829352,0.3018867924528302,0.7981445924352676,0.42682739431171973,0.11456057298421038,0.024781625444682348,20494.0,0.36759530824179654,-0.11957802688855725,0.9314427118047823,16354.0,708.0,2696.0,736.0,False,0.5774296361830649,0.5543368686655278,75,662644,0.7831012526007746,0.188652332693604,,,,
static_dynamic,static_dynamic__mlp__family_prior_dynamic_residual,42,test,raw,none,0.5,21514.0,0.16133680394161942,0.16036069536116018,2.0,0.8138421492981315,0.6548244659557397,0.4213263979193758,0.7822243377016712,0.37738636650515095,0.12939411043720753,0.0958752266592782,21514.0,0.4086689150435613,-0.8211700724550778,0.8598444669537355,16051.0,1992.0,2013.0,1458.0,False,0.5970700926720305,0.5389453293339079,74,703101,0.7769159494304341,0.20635435082396184,,,,
static_dynamic,static_dynamic__mlp__family_prior_dynamic_residual,7,validation,raw,none,0.5,20494.0,0.16746364789694546,0.06738557626622427,2.0,0.8249731628769396,0.5668003727800351,0.2547267816330771,0.7752449571001031,0.37675517298889066,0.12118105774530023,0.02382832902567463,20494.0,0.38818254407674696,-0.24063727884902755,0.7995004360507396,16294.0,768.0,2819.0,613.0,False,0.5628006834060542,0.5499830980134129,75,662644,0.7603142086663194,0.19926486821408987,,,,
static_dynamic,static_dynamic__mlp__family_prior_dynamic_residual,7,test,raw,none,0.5,21514.0,0.16133680394161942,0.14148926280561494,2.0,0.7873477735428094,0.5822553721141178,0.2977743668457406,0.7231810247209789,0.27154339583680764,0.15127853042709163,0.08221567565448362,21514.0,0.4754395194015266,-1.091527991897949,0.43177983056004693,15969.0,2074.0,2501.0,970.0,False,0.538547908563037,0.5202488689391709,74,703101,0.7178670394367673,0.1670686929228501,,,,
static_dynamic,static_dynamic__mlp__no_id_temporal_model,ensemble,validation,raw,isotonic,0.16,20494.0,0.16746364789694546,0.16590221528252172,2.0,0.7502683712306041,0.5503319820296142,0.2508782201405152,0.610222924810898,0.22292504367711496,0.14188244472232028,0.07185581385951414,20494.0,0.4750552823121704,-0.4536225417869936,0.4896987754541595,14519.0,2543.0,2575.0,857.0,False,0.5406787316779664,0.5107463434362945,75,662644,0.6019619822464666,0.18103097356487918,,,,
static_dynamic,static_dynamic__mlp__no_id_temporal_model,ensemble,validation,validation_calibrated,isotonic,0.16,20494.0,0.16746364789694546,0.5759734556455548,2.0,0.4961452132331414,0.5836917717339122,0.322263061170911,0.612880900358189,0.22424504542825688,0.13628751378198137,1.9029959986987817e-09,20494.0,0.44020944572831455,-0.0028823011011468247,0.9980974774846684,7713.0,9349.0,977.0,2455.0,False,0.5441150296912388,0.5149333578814567,75,662644,0.604755342193856,0.17741453651136235,,,,
static_dynamic,static_dynamic__mlp__no_id_temporal_model,ensemble,test,raw,isotonic,0.16,21514.0,0.16133680394161942,0.3393604164729943,2.0,0.656409779678349,0.5879560293024508,0.31377645748236166,0.6196892669074915,0.20617410891476848,0.1457246387583152,0.060241398324135775,21514.0,0.4649417871418414,-1.0493155027401095,0.31744287459265685,12432.0,5611.0,1781.0,1690.0,False,0.5296470639910053,0.48484783836177164,74,703101,0.6100348942990518,0.159906829995474,,,,
static_dynamic,static_dynamic__mlp__no_id_temporal_model,ensemble,test,validation_calibrated,isotonic,0.16,21514.0,0.16133680394161942,0.7329180998419633,2.0,0.3824021567351492,0.574208396143449,0.30937158895992517,0.6234386729368443,0.2182825542966189,0.13304253199671606,0.033712519234882644,21514.0,0.4329442580397491,-0.037645785533778106,1.1462581589750338,5251.0,12792.0,495.0,2976.0,False,0.5291918225632108,0.4842419510141502,74,703101,0.613620238481662,0.15606565508915604,,,,
static_dynamic,static_dynamic__mlp__no_id_temporal_model,123,validation,raw,none,0.5,20494.0,0.16746364789694546,0.0,1.0,0.8325363521030545,0.5,0.0,0.638303070059312,0.2623802505169516,0.14505821084803916,0.10075977911386762,20494.0,0.5010233581270228,0.2044083800691562,0.6556487514435207,17062.0,0.0,3432.0,0.0,True,0.564711199832752,0.5112745305171404,75,662644,0.6293842324329852,0.18866500023039162,,,,
static_dynamic,static_dynamic__mlp__no_id_temporal_model,123,test,raw,none,0.5,21514.0,0.16133680394161942,0.02626196895045087,2.0,0.8143534442688481,0.48794996644671607,0.010406342913776016,0.649067587237141,0.22137541697667135,0.14400103100746525,0.08014533570629744,21514.0,0.4660820327616118,-0.8190142129937967,0.3760869618450595,17499.0,544.0,3450.0,21.0,True,0.5320715676307457,0.4797760207992877,74,703101,0.6334257107433486,0.1550637269888573,,,,
static_dynamic,static_dynamic__mlp__no_id_temporal_model,42,validation,raw,none,0.5,20494.0,0.16746364789694546,0.0013662535376207671,2.0,0.8315604567190397,0.49987943326942275,0.0023121387283236996,0.5701307042408614,0.1925957592401098,0.14478509282338722,0.07128744827416154,20494.0,0.48537692617181416,-0.9592644635016352,0.28447654847849013,17038.0,24.0,3428.0,4.0,True,0.5113094950579739,0.4968655869516663,75,662644,0.564207821541335,0.17400213351276564,,,,
static_dynamic,static_dynamic__mlp__no_id_temporal_model,42,test,raw,none,0.5,21514.0,0.16133680394161942,0.03723157014037371,2.0,0.8051501347959468,0.48467351745413456,0.018726591760299626,0.6066348143994117,0.19700096813752815,0.15039922407467718,0.0690953208607616,21514.0,0.479323348414089,-1.1784373255708744,0.24503648838088432,17282.0,761.0,3431.0,40.0,True,0.5185836768278514,0.49110725201642436,74,703101,0.6011052963511979,0.1606004320148956,,,,
static_dynamic,static_dynamic__mlp__no_id_temporal_model,7,validation,raw,none,0.5,20494.0,0.16746364789694546,0.0019517907680296671,2.0,0.8310725090270323,0.49970276714650175,0.002880184331797235,0.6143834760460889,0.2247528350693521,0.1407411573339147,0.058798826712952015,20494.0,0.46812501389142147,-0.6440215832163482,0.43643188238968417,17027.0,35.0,3427.0,5.0,True,0.5501700020044169,0.520086200131594,75,662644,0.60602318223883,0.19088064316596762,,,,
static_dynamic,static_dynamic__mlp__no_id_temporal_model,7,test,raw,none,0.5,21514.0,0.16133680394161942,0.047225062749837315,2.0,0.8064051315422516,0.49949876453945696,0.0717628705148206,0.5902198041482036,0.1952714679853522,0.15067219573351312,0.06832306292294166,21514.0,0.4828915977697665,-1.2446791471719014,0.23797180324543427,17188.0,855.0,3310.0,161.0,True,0.5366368384222546,0.48835800261982276,74,703101,0.5815476377861913,0.16172720352273728,,,,
static_dynamic,static_dynamic__transformer_encoder__asset_prior_dynamic_residual,ensemble,validation,raw,isotonic,0.28,20494.0,0.16746364789694546,0.2547574899970723,2.0,0.817165999804821,0.776255864734648,0.5669709927192881,0.8266555844323692,0.48040084454234305,0.10724732845340372,0.03910080902414755,20494.0,0.3525916228477752,0.0371370613804751,1.3080656572104443,14294.0,2768.0,979.0,2453.0,False,0.5397518755714636,0.5488829597793083,75,662644,0.8147688340984122,0.1708424232061024,,,,
static_dynamic,static_dynamic__transformer_encoder__asset_prior_dynamic_residual,ensemble,validation,validation_calibrated,isotonic,0.28,20494.0,0.16746364789694546,0.22221137894017762,2.0,0.8323411730262515,0.7646535540613022,0.5697470573503631,0.8298705663207187,0.4777920338724744,0.10439805718304128,2.3421489372221824e-09,20494.0,0.33895050580360947,-0.00032486061955867883,0.9996636809187949,14783.0,2279.0,1157.0,2275.0,False,0.5775789789686708,0.5717738333101937,75,662644,0.8184877515833552,0.17598062970041708,,,,
static_dynamic,static_dynamic__transformer_encoder__asset_prior_dynamic_residual,ensemble,test,raw,isotonic,0.28,21514.0,0.16133680394161942,0.2782374267918565,2.0,0.8036162498837967,0.7834486289858507,0.5532409855133763,0.8295551139693129,0.4682084516892141,0.10582619753361776,0.05251382391122987,21514.0,0.3508866627431339,-0.07579156923885498,1.3906612448061408,14673.0,3370.0,855.0,2616.0,False,0.5719448190920267,0.5652772503523675,74,703101,0.8195147005490477,0.17513283408286068,,,,
static_dynamic,static_dynamic__transformer_encoder__asset_prior_dynamic_residual,ensemble,test,validation_calibrated,isotonic,0.28,21514.0,0.16133680394161942,0.23375476433949985,2.0,0.8284837780050199,0.7737267671631709,0.5658823529411765,0.8288518498488191,0.4559300333283699,0.1028396808701887,0.019411579810702285,21514.0,0.3349184871281146,-0.12066747909328382,1.0572291291425173,15419.0,2624.0,1066.0,2405.0,False,0.5447379457339124,0.553483781135285,74,703101,0.8190011260699774,0.16254547082550821,,,,
static_dynamic,static_dynamic__transformer_encoder__asset_prior_dynamic_residual,123,validation,raw,none,0.5,20494.0,0.16746364789694546,0.0911974236361862,2.0,0.8385381087147458,0.6195217278325941,0.37577815506508205,0.8247629087690336,0.4686600091293006,0.10810687642230567,0.04599067308573082,20494.0,0.35522230687950546,-0.03680582344530603,1.2840987148080862,16189.0,873.0,2436.0,996.0,False,0.5087024180679299,0.536450945002143,75,662644,0.812837810644426,0.1587375910448446,,,,
static_dynamic,static_dynamic__transformer_encoder__asset_prior_dynamic_residual,123,test,raw,none,0.5,21514.0,0.16133680394161942,0.11555266338198382,2.0,0.8498187226922004,0.6652210100928425,0.45761289239550107,0.827519394791274,0.4652044945914107,0.1072100423334091,0.06187429137122237,21514.0,0.3561143230816301,-0.1834129901001547,1.3644077711536888,16920.0,1123.0,2108.0,1363.0,False,0.5204479938730302,0.5572072860086957,74,703101,0.8148561224638653,0.15950503105870933,,,,
static_dynamic,static_dynamic__transformer_encoder__asset_prior_dynamic_residual,42,validation,raw,none,0.5,20494.0,0.16746364789694546,0.04006050551380892,2.0,0.8370742656387236,0.5559122748271148,0.2149071243827886,0.8250787474940563,0.4722469024411606,0.1081986420064208,0.037828112988493444,20494.0,0.3514882890776338,0.3505056784679621,1.3290149609802897,16698.0,364.0,2975.0,457.0,True,0.5940286952140149,0.5518845715044579,75,662644,0.8140781775367635,0.20302183404891735,,,,
static_dynamic,static_dynamic__transformer_encoder__asset_prior_dynamic_residual,42,test,raw,none,0.5,21514.0,0.16133680394161942,0.04201915032072139,2.0,0.8431254067119085,0.5608298754537422,0.22857142857142856,0.827684179282141,0.46406614128982193,0.10617602629633612,0.0423004805037929,21514.0,0.34841825374120994,0.20763586334048242,1.3948030476100182,17639.0,404.0,2971.0,500.0,True,0.62115823909175,0.5762657143141597,74,703101,0.8203113764392715,0.19104920444733095,,,,
static_dynamic,static_dynamic__transformer_encoder__asset_prior_dynamic_residual,7,validation,raw,none,0.5,20494.0,0.16746364789694546,0.15126378452229922,2.0,0.8444422757880355,0.7017423634467357,0.5119412124923454,0.8284943380770365,0.499344028930877,0.10811328928210698,0.05485819100976794,20494.0,0.3570093952182592,-0.2233645660466529,1.2622489779018842,15634.0,1428.0,1760.0,1672.0,False,0.5414155617608865,0.5643829869432153,75,662644,0.8155812834642123,0.17792736682190832,,,,
static_dynamic,static_dynamic__transformer_encoder__asset_prior_dynamic_residual,7,test,raw,none,0.5,21514.0,0.16133680394161942,0.16840197080970531,2.0,0.8402900436924793,0.7137541702491725,0.5156470256554835,0.831047156099917,0.47191899224659245,0.10738811840810589,0.06892866977258716,21514.0,0.3551212520267733,-0.323022891844976,1.304043116800068,16249.0,1794.0,1642.0,1829.0,False,0.5825345835296297,0.5617272625127827,74,703101,0.8217588413438058,0.17937939188872454,,,,
static_dynamic,static_dynamic__transformer_encoder__family_prior_dynamic_residual,ensemble,validation,raw,isotonic,0.27,20494.0,0.16746364789694546,0.2253830389382258,2.0,0.8279008490289841,0.7604738333990473,0.5619177741895417,0.8094981445702346,0.43981011519614893,0.11021347323364032,0.04803038085292025,20494.0,0.36147280461982173,0.0962607020770622,1.2845540840591367,14705.0,2357.0,1170.0,2262.0,False,0.5354078070372185,0.5392744822257501,75,662644,0.7952586331626003,0.1672328677398457,,,,
static_dynamic,static_dynamic__transformer_encoder__family_prior_dynamic_residual,ensemble,validation,validation_calibrated,isotonic,0.27,20494.0,0.16746364789694546,0.22201619986337465,2.0,0.8302917927198205,0.7607459453374352,0.5642696066148835,0.814082037018973,0.43961287397639276,0.10684995776448981,7.221625857964852e-09,20494.0,0.34758224672409704,-0.000338380400360906,0.9996826181931495,14764.0,2298.0,1180.0,2252.0,False,0.5719374528682569,0.5601906906272448,75,662644,0.8004877158338287,0.17026010287897517,,,,
static_dynamic,static_dynamic__transformer_encoder__family_prior_dynamic_residual,ensemble,test,raw,isotonic,0.27,21514.0,0.16133680394161942,0.2439806637538347,2.0,0.8228130519661616,0.7760465719293165,0.5628440366972477,0.8247213237981235,0.43908531068452494,0.10692982396087423,0.05415380419212355,21514.0,0.3548688712847272,0.07200419909332105,1.4223846318433933,15248.0,2795.0,1017.0,2454.0,False,0.5321994156466499,0.5530827007784088,74,703101,0.8161803870981269,0.16769349723440874,,,,
static_dynamic,static_dynamic__transformer_encoder__family_prior_dynamic_residual,ensemble,test,validation_calibrated,isotonic,0.27,21514.0,0.16133680394161942,0.2270149669982337,2.0,0.8273217439806637,0.7631451518398866,0.5553560742070617,0.8198389046378897,0.4336415582470913,0.10415487880538651,0.029749782188955756,21514.0,0.3406946517201266,-0.05405679526775894,1.102174166074239,15479.0,2564.0,1151.0,2320.0,False,0.5155875819172304,0.5395753952846035,74,703101,0.8092850525225681,0.1579788667012239,,,,
static_dynamic,static_dynamic__transformer_encoder__family_prior_dynamic_residual,123,validation,raw,none,0.5,20494.0,0.16746364789694546,0.06606811749780424,2.0,0.8322435834878501,0.5782661493158504,0.2816548265775178,0.8021801111891665,0.42003444146514246,0.11091289903917666,0.04475050415274589,20494.0,0.36276982962640325,0.101653362590411,1.2450147576468455,16382.0,680.0,2758.0,674.0,False,0.4698716602938265,0.5087211232577372,75,662644,0.7859571042344532,0.14977845154435965,,,,
static_dynamic,static_dynamic__transformer_encoder__family_prior_dynamic_residual,123,test,raw,none,0.5,21514.0,0.16133680394161942,0.04206563168169564,2.0,0.8385237519754578,0.5523858119723054,0.20612431444241316,0.8184761592529053,0.4488305071872223,0.10614863374273577,0.05122465134871122,21514.0,0.3528519217948157,0.12181437225479631,1.4064788215408064,17589.0,454.0,3020.0,451.0,True,0.46396175303038645,0.5503213620802702,74,703101,0.8044461454621343,0.15528759416510302,,,,
static_dynamic,static_dynamic__transformer_encoder__family_prior_dynamic_residual,42,validation,raw,none,0.5,20494.0,0.16746364789694546,0.04289060212745194,2.0,0.8316092514882405,0.5494877929088455,0.1994896775690095,0.8116876688446552,0.4385941700941292,0.1116247212104355,0.042170669383609236,20494.0,0.36271695089327194,0.2829426445997497,1.2912774500786126,16613.0,449.0,3002.0,430.0,True,0.6131319597008764,0.5524761410350052,75,662644,0.7993876178408639,0.2110224496049892,,,,
static_dynamic,static_dynamic__transformer_encoder__family_prior_dynamic_residual,42,test,raw,none,0.5,21514.0,0.16133680394161942,0.04387840475969136,2.0,0.8357813516779772,0.5495874375968558,0.19977349943374859,0.8237515143766564,0.43147900456519417,0.10918878285917978,0.058531428715931866,21514.0,0.3594217358139869,0.18452447477017558,1.413067715161943,17540.0,503.0,3030.0,441.0,True,0.5936629214911255,0.559186375783849,74,703101,0.8189312799306147,0.19628312452933505,,,,
static_dynamic,static_dynamic__transformer_encoder__family_prior_dynamic_residual,7,validation,raw,none,0.5,20494.0,0.16746364789694546,0.12940372792036695,2.0,0.836244754562311,0.6609732529026867,0.44838921761998685,0.8141879769216833,0.4667282790287937,0.11022561446610271,0.05141759455515572,20494.0,0.364056097601251,-0.14650227897094675,1.256586474782618,15774.0,1288.0,2068.0,1364.0,False,0.5450105626146887,0.5652990142519966,75,662644,0.7993520287957665,0.18414571847068084,,,,
static_dynamic,static_dynamic__transformer_encoder__family_prior_dynamic_residual,7,test,raw,none,0.5,21514.0,0.16133680394161942,0.1532025657711258,2.0,0.8382913451705866,0.6910398337286165,0.4858873947096202,0.8257476182134319,0.4518362281821841,0.1077847897980002,0.0646451183896835,21514.0,0.35784134572939125,-0.1893478870796596,1.3335295399692573,16391.0,1652.0,1827.0,1644.0,False,0.563373248890077,0.5587056482639052,74,703101,0.8169578626298392,0.1717676505196526,,,,
static_dynamic,static_dynamic__transformer_encoder__no_id_temporal_model,ensemble,validation,raw,isotonic,0.2,20494.0,0.16746364789694546,1.0,1.0,0.16746364789694546,0.5,0.28688456072891416,0.7395727197040055,0.4091604743139894,0.1727231624090301,0.21103559190702528,20494.0,0.5340683961875473,0.365879972185037,4.279521768327954,0.0,17062.0,0.0,3432.0,True,0.6126392623018049,0.5744789057170969,75,662644,0.7206131599458977,0.22282912860582907,,,,
static_dynamic,static_dynamic__transformer_encoder__no_id_temporal_model,ensemble,validation,validation_calibrated,isotonic,0.2,20494.0,0.16746364789694546,0.2492436810773885,2.0,0.7770079047526105,0.6976708112931885,0.4648711943793911,0.7430885463245386,0.3947039626187789,0.11863936928554211,4.3915291700450066e-10,20494.0,0.3883798565046613,-0.0006258015976835529,0.9995226666302852,13939.0,3123.0,1447.0,1985.0,False,0.6145271595901292,0.5794770646078438,75,662644,0.7251559799016437,0.21245686771540923,,,,
static_dynamic,static_dynamic__transformer_encoder__no_id_temporal_model,ensemble,test,raw,isotonic,0.2,21514.0,0.16133680394161942,0.9899135446685879,2.0,0.16519475690248211,0.4945053393927401,0.27487080103359174,0.6597038273417485,0.32511526814128333,0.18861499937449314,0.23989537697174484,21514.0,0.5676911471032772,-1.0029158288981577,1.6680651150615176,150.0,17893.0,67.0,3404.0,True,0.6141209586827142,0.5451762975731794,74,703101,0.6553019406819537,0.19668609220033728,,,,
static_dynamic,static_dynamic__transformer_encoder__no_id_temporal_model,ensemble,test,validation_calibrated,isotonic,0.2,21514.0,0.16133680394161942,0.6041647299432927,2.0,0.47564376684949333,0.5853562745279599,0.31501609083733073,0.6522371179205322,0.28297626188377945,0.1492281811224865,0.1282528193430621,21514.0,0.5346132628296321,-1.5347099752761393,0.08506711497722409,7639.0,10404.0,877.0,2594.0,False,0.6084677657246558,0.5375479483033021,74,703101,0.6484615765250502,0.17602593873470723,,,,
static_dynamic,static_dynamic__transformer_encoder__no_id_temporal_model,123,validation,raw,none,0.5,20494.0,0.16746364789694546,0.09241729286620474,2.0,0.8381965453303406,0.6203640384348976,0.37739391663537364,0.7658236063647211,0.4389214181862022,0.17374495028884368,0.2242935285371368,20494.0,0.535528203808983,-0.45104249307447963,3.244427593494595,16173.0,889.0,2427.0,1005.0,False,0.55880525384626,0.5489946336192586,75,662644,0.7384204365657719,0.18723902407027207,,,,
static_dynamic,static_dynamic__transformer_encoder__no_id_temporal_model,123,test,raw,none,0.5,21514.0,0.16133680394161942,0.07027981779306498,2.0,0.8389420842242261,0.5884676675823542,0.304635761589404,0.7212725744174027,0.3571231743167209,0.1782285980498163,0.22969051648374272,21514.0,0.5447826997141764,-0.602793503916575,2.817406809198222,17290.0,753.0,2712.0,759.0,False,0.5874849662984968,0.5256648760277685,74,703101,0.7110956759033302,0.1946508086181393,,,,
static_dynamic,static_dynamic__transformer_encoder__no_id_temporal_model,42,validation,raw,none,0.5,20494.0,0.16746364789694546,0.008929442763735727,2.0,0.833951400409876,0.5131864140626302,0.05864453665283541,0.6132542559031248,0.28853046360487633,0.17256149288792505,0.19212977045979215,20494.0,0.5328677452384833,-0.6755119638916881,1.6655020397777553,16985.0,77.0,3326.0,106.0,True,0.6340357249855566,0.5810465347909285,75,662644,0.6136104121615638,0.25689696965613334,,,,
static_dynamic,static_dynamic__transformer_encoder__no_id_temporal_model,42,test,raw,none,0.5,21514.0,0.16133680394161942,0.014037371014223296,2.0,0.8347587617365436,0.5103531924033136,0.05777895573813941,0.5245128187244616,0.20403300822214052,0.2028101553956503,0.26002949875402576,21514.0,0.5985056096657706,-1.7290725776092628,-0.2029355561357073,17850.0,193.0,3362.0,109.0,True,0.5987235230395138,0.5409606870136723,74,703101,0.536298623536112,0.19986736812552136,,,,
static_dynamic,static_dynamic__transformer_encoder__no_id_temporal_model,7,validation,raw,none,0.5,20494.0,0.16746364789694546,0.003171659998048209,2.0,0.8337562213330731,0.5059698462948374,0.02573634543894767,0.6985574890861493,0.3828489492761877,0.17593533349457083,0.20949364161624015,20494.0,0.5410333158548901,0.4517147501913499,4.384419452783456,17042.0,20.0,3387.0,45.0,True,0.540593262654755,0.5529620731493834,75,662644,0.6740088494050543,0.17532318480722095,,,,
static_dynamic,static_dynamic__transformer_encoder__no_id_temporal_model,7,test,raw,none,0.5,21514.0,0.16133680394161942,0.00013944408292274798,2.0,0.8387096774193549,0.5002603898337996,0.0011514104778353484,0.661852795938535,0.35056120150784886,0.18851609880901088,0.2379689299732383,21514.0,0.5678872482981987,-1.1952668364656465,1.0933183395976827,18042.0,1.0,3469.0,2.0,True,0.6456023861559291,0.5532924857168457,74,703101,0.6411617586163596,0.1844732641919574,,,,
