split,asset_id,endpoints,positives,negatives,prevalence,raw_comparable_pairs,outcome_disjoint_pairs,selected_pairs,unique_endpoints,minimum_origin_distance,median_origin_distance,status,asset_ticker,family,registry_sha256
train,0,2148,1131,1017,0.526536312849162,1150227,1143672,4096,2108,10.0,641.0,selected,ADA-USD,Crypto,19a6232ee33796a9552232c54f9159497396cf0eb35a5bf782803940d6a178ce
train,1,3439,87,3352,0.025298051759232335,291624,290696,4096,2432,10.0,975.0,selected,AGG,Bonds,19a6232ee33796a9552232c54f9159497396cf0eb35a5bf782803940d6a178ce
train,2,1102,628,474,0.5698729582577132,297672,294071,4096,1102,10.0,331.5,selected,AVAX-USD,Crypto,19a6232ee33796a9552232c54f9159497396cf0eb35a5bf782803940d6a178ce
train,3,2148,1113,1035,0.5181564245810056,1151955,1145133,4096,2097,10.0,649.0,selected,BCH-USD,Crypto,19a6232ee33796a9552232c54f9159497396cf0eb35a5bf782803940d6a178ce
train,4,3439,85,3354,0.02471648735097412,285090,284168,4096,2478,10.0,945.5,selected,BND,Bonds,19a6232ee33796a9552232c54f9159497396cf0eb35a5bf782803940d6a178ce
train,5,3297,1164,2133,0.35304822565969063,2482812,2474070,4096,2965,10.0,944.0,selected,BTC-USD,Crypto,19a6232ee33796a9552232c54f9159497396cf0eb35a5bf782803940d6a178ce
train,6,2967,355,2612,0.119649477586788,927260,923786,4096,2439,10.0,873.0,selected,CPER,Commodities,19a6232ee33796a9552232c54f9159497396cf0eb35a5bf782803940d6a178ce
train,7,3439,137,3302,0.0398371619656877,452374,450660,4096,2492,10.0,1051.0,selected,DBA,Commodities,19a6232ee33796a9552232c54f9159497396cf0eb35a5bf782803940d6a178ce
train,8,3439,303,3136,0.08810700785111951,950208,947132,4096,2588,10.0,1004.5,selected,DIA,Equities,19a6232ee33796a9552232c54f9159497396cf0eb35a5bf782803940d6a178ce
train,9,2148,1129,1019,0.5256052141527002,1150451,1144165,4096,2102,10.0,632.0,selected,DOGE-USD,Crypto,19a6232ee33796a9552232c54f9159497396cf0eb35a5bf782803940d6a178ce
train,10,1133,561,572,0.49514563106796117,320892,317213,4096,1132,10.0,351.0,selected,DOT-USD,Crypto,19a6232ee33796a9552232c54f9159497396cf0eb35a5bf782803940d6a178ce
train,11,3439,368,3071,0.10700785111951149,1130128,1126286,4096,2633,10.0,1008.5,selected,EEM,Equities,19a6232ee33796a9552232c54f9159497396cf0eb35a5bf782803940d6a178ce
train,12,3439,320,3119,0.09305030532131434,998080,994692,4096,2605,10.0,1030.0,selected,EFA,Equities,19a6232ee33796a9552232c54f9159497396cf0eb35a5bf782803940d6a178ce
train,13,3439,210,3229,0.061064262867112536,678090,676012,4096,2504,10.0,972.5,selected,EMB,Bonds,19a6232ee33796a9552232c54f9159497396cf0eb35a5bf782803940d6a178ce
train,14,2148,931,1217,0.4334264432029795,1133027,1126652,4096,2102,10.0,640.0,selected,ETH-USD,Crypto,19a6232ee33796a9552232c54f9159497396cf0eb35a5bf782803940d6a178ce
train,15,3439,400,3039,0.11631288165164291,1215600,1211772,4096,2654,10.0,1067.5,selected,EWA,Equities,19a6232ee33796a9552232c54f9159497396cf0eb35a5bf782803940d6a178ce
train,16,3439,321,3118,0.09334108752544344,1000878,997506,4096,2614,10.0,1066.5,selected,EWC,Equities,19a6232ee33796a9552232c54f9159497396cf0eb35a5bf782803940d6a178ce
train,17,3439,278,3161,0.08083745274789184,878758,875622,4096,2598,10.0,1025.5,selected,EWJ,Equities,19a6232ee33796a9552232c54f9159497396cf0eb35a5bf782803940d6a178ce
train,18,3439,333,3106,0.09683047397499273,1034298,1030898,4096,2630,10.0,1017.0,selected,EWU,Equities,19a6232ee33796a9552232c54f9159497396cf0eb35a5bf782803940d6a178ce
train,19,3439,777,2662,0.22593777260831638,2068374,2061388,4096,2863,10.0,1002.0,selected,EWZ,Equities,19a6232ee33796a9552232c54f9159497396cf0eb35a5bf782803940d6a178ce
train,20,3439,95,3344,0.027624309392265192,317680,316568,4096,2468,10.0,1131.5,selected,FXA,FX,19a6232ee33796a9552232c54f9159497396cf0eb35a5bf782803940d6a178ce
train,21,3439,95,3344,0.027624309392265192,317680,316538,4096,2476,10.0,961.0,selected,FXB,FX,19a6232ee33796a9552232c54f9159497396cf0eb35a5bf782803940d6a178ce
train,22,3439,50,3389,0.014539110206455364,169450,168868,4096,2441,11.0,1037.0,selected,FXC,FX,19a6232ee33796a9552232c54f9159497396cf0eb35a5bf782803940d6a178ce
train,23,3439,63,3376,0.01831927886013376,212688,211998,4096,2455,10.0,919.5,selected,FXE,FX,19a6232ee33796a9552232c54f9159497396cf0eb35a5bf782803940d6a178ce
train,24,3439,550,2889,0.159930212271009,1588950,1583522,4096,2714,10.0,1083.5,selected,FXI,Equities,19a6232ee33796a9552232c54f9159497396cf0eb35a5bf782803940d6a178ce
train,25,3439,168,3271,0.04885141029369003,549528,547658,4096,2490,10.0,1010.5,selected,FXY,FX,19a6232ee33796a9552232c54f9159497396cf0eb35a5bf782803940d6a178ce
train,26,3439,271,3168,0.07880197731898808,858528,855544,4096,2594,11.0,1028.0,selected,GLD,Commodities,19a6232ee33796a9552232c54f9159497396cf0eb35a5bf782803940d6a178ce
train,27,3439,246,3193,0.0715324222157604,785478,782820,4096,2546,10.0,1012.5,selected,HYG,Bonds,19a6232ee33796a9552232c54f9159497396cf0eb35a5bf782803940d6a178ce
train,28,3439,85,3354,0.02471648735097412,285090,284156,4096,2473,10.0,979.0,selected,IEF,Bonds,19a6232ee33796a9552232c54f9159497396cf0eb35a5bf782803940d6a178ce
train,29,1362,135,1227,0.09911894273127753,165645,164287,4096,1322,10.0,389.0,selected,IFRA,Real assets,19a6232ee33796a9552232c54f9159497396cf0eb35a5bf782803940d6a178ce
train,30,2913,297,2616,0.101956745623069,776952,773955,4096,2351,10.0,845.5,selected,INDA,Equities,19a6232ee33796a9552232c54f9159497396cf0eb35a5bf782803940d6a178ce
train,31,3439,311,3128,0.09043326548415237,972808,969630,4096,2601,10.0,976.5,selected,IWD,Equities,19a6232ee33796a9552232c54f9159497396cf0eb35a5bf782803940d6a178ce
train,32,3439,355,3084,0.1032276824658331,1094820,1091352,4096,2591,10.0,1056.0,selected,IWF,Equities,19a6232ee33796a9552232c54f9159497396cf0eb35a5bf782803940d6a178ce
train,33,3439,374,3065,0.10875254434428613,1146310,1142456,4096,2646,10.0,1065.0,selected,IWM,Equities,19a6232ee33796a9552232c54f9159497396cf0eb35a5bf782803940d6a178ce
train,34,3439,359,3080,0.10439081128234952,1105720,1102078,4096,2607,10.0,1056.5,selected,IYR,Real assets,19a6232ee33796a9552232c54f9159497396cf0eb35a5bf782803940d6a178ce
train,35,3439,271,3168,0.07880197731898808,858528,855827,4096,2598,10.0,980.0,selected,JNK,Bonds,19a6232ee33796a9552232c54f9159497396cf0eb35a5bf782803940d6a178ce
train,36,2148,1114,1034,0.5186219739292365,1151876,1144901,4096,2112,10.0,628.0,selected,LINK-USD,Crypto,19a6232ee33796a9552232c54f9159497396cf0eb35a5bf782803940d6a178ce
train,37,3439,84,3355,0.024425705146845014,281820,280918,4096,2486,10.0,979.0,selected,LQD,Bonds,19a6232ee33796a9552232c54f9159497396cf0eb35a5bf782803940d6a178ce
train,38,3297,1505,1792,0.4564755838641189,2696960,2686615,4096,3002,10.0,980.0,selected,LTC-USD,Crypto,19a6232ee33796a9552232c54f9159497396cf0eb35a5bf782803940d6a178ce
train,39,2612,268,2344,0.10260336906584992,628192,625700,4096,2218,10.0,738.0,selected,MTUM,Equities,19a6232ee33796a9552232c54f9159497396cf0eb35a5bf782803940d6a178ce
train,40,3439,215,3224,0.06251817388775807,693160,691160,4096,2535,10.0,1031.0,selected,MUB,Bonds,19a6232ee33796a9552232c54f9159497396cf0eb35a5bf782803940d6a178ce
train,41,3435,796,2639,0.23173216885007278,2100644,2093617,4096,2889,10.0,1073.0,selected,PALL,Commodities,19a6232ee33796a9552232c54f9159497396cf0eb35a5bf782803940d6a178ce
train,42,3435,491,2944,0.14294032023289666,1445504,1440246,4096,2699,10.0,1058.5,selected,PPLT,Commodities,19a6232ee33796a9552232c54f9159497396cf0eb35a5bf782803940d6a178ce
train,43,3439,391,3048,0.11369584181448095,1191768,1187872,4096,2648,10.0,1023.0,selected,QQQ,Equities,19a6232ee33796a9552232c54f9159497396cf0eb35a5bf782803940d6a178ce
train,44,2549,254,2295,0.09964692036092586,582930,580344,4096,2154,10.0,719.0,selected,QUAL,Equities,19a6232ee33796a9552232c54f9159497396cf0eb35a5bf782803940d6a178ce
train,45,3439,151,3288,0.0439081128234952,496488,494796,4096,2529,10.0,968.5,selected,SHY,Bonds,19a6232ee33796a9552232c54f9159497396cf0eb35a5bf782803940d6a178ce
train,46,2612,234,2378,0.08958652373660031,556452,554016,4096,2192,10.0,733.0,selected,SIZE,Equities,19a6232ee33796a9552232c54f9159497396cf0eb35a5bf782803940d6a178ce
train,47,3439,630,2809,0.1831927886013376,1769670,1763279,4096,2775,10.0,1088.0,selected,SLV,Commodities,19a6232ee33796a9552232c54f9159497396cf0eb35a5bf782803940d6a178ce
train,48,1265,701,564,0.5541501976284585,395364,391159,4096,1264,10.0,378.0,selected,SOL-USD,Crypto,19a6232ee33796a9552232c54f9159497396cf0eb35a5bf782803940d6a178ce
train,49,3439,302,3137,0.0878162256469904,947374,944368,4096,2580,10.0,1017.0,selected,SPY,Equities,19a6232ee33796a9552232c54f9159497396cf0eb35a5bf782803940d6a178ce
train,50,3439,74,3365,0.02151788310555394,249010,248098,4096,2451,10.0,1087.5,selected,TIP,Bonds,19a6232ee33796a9552232c54f9159497396cf0eb35a5bf782803940d6a178ce
train,51,3439,169,3270,0.049142192497819134,552630,550602,4096,2479,10.0,1128.0,selected,TLT,Bonds,19a6232ee33796a9552232c54f9159497396cf0eb35a5bf782803940d6a178ce
train,52,3439,1305,2134,0.37947077638848503,2784870,2775387,4096,3071,10.0,1035.5,selected,UNG,Commodities,19a6232ee33796a9552232c54f9159497396cf0eb35a5bf782803940d6a178ce
train,54,2985,185,2800,0.06197654941373534,518000,516094,4096,2345,10.0,840.0,selected,USMV,Equities,19a6232ee33796a9552232c54f9159497396cf0eb35a5bf782803940d6a178ce
train,55,3439,859,2580,0.24978191334690317,2216220,2209628,4096,2930,10.0,993.0,selected,USO,Commodities,19a6232ee33796a9552232c54f9159497396cf0eb35a5bf782803940d6a178ce
train,56,3439,45,3394,0.013085199185809828,152730,152214,4096,2443,10.0,870.5,selected,UUP,FX,19a6232ee33796a9552232c54f9159497396cf0eb35a5bf782803940d6a178ce
train,57,3439,310,3129,0.09014248328002326,969990,966722,4096,2586,11.0,1021.0,selected,VEA,Equities,19a6232ee33796a9552232c54f9159497396cf0eb35a5bf782803940d6a178ce
train,58,3439,372,3067,0.10817097993602791,1140924,1137132,4096,2621,10.0,1033.0,selected,VGK,Equities,19a6232ee33796a9552232c54f9159497396cf0eb35a5bf782803940d6a178ce
train,59,2612,232,2380,0.0888208269525268,552160,549802,4096,2173,10.0,707.5,selected,VLUE,Equities,19a6232ee33796a9552232c54f9159497396cf0eb35a5bf782803940d6a178ce
train,60,3439,360,3079,0.10468159348647862,1108440,1104730,4096,2591,11.0,1075.0,selected,VNQ,Real assets,19a6232ee33796a9552232c54f9159497396cf0eb35a5bf782803940d6a178ce
train,61,3439,303,3136,0.08810700785111951,950208,947086,4096,2580,10.0,1042.5,selected,VT,Equities,19a6232ee33796a9552232c54f9159497396cf0eb35a5bf782803940d6a178ce
train,62,3439,311,3128,0.09043326548415237,972808,969694,4096,2586,10.0,1003.5,selected,VTI,Equities,19a6232ee33796a9552232c54f9159497396cf0eb35a5bf782803940d6a178ce
train,63,3439,300,3139,0.08723466123873219,941700,938612,4096,2605,10.0,1019.5,selected,VTV,Equities,19a6232ee33796a9552232c54f9159497396cf0eb35a5bf782803940d6a178ce
train,64,3439,366,3073,0.10642628671125327,1124718,1121038,4096,2630,10.0,1084.0,selected,VUG,Equities,19a6232ee33796a9552232c54f9159497396cf0eb35a5bf782803940d6a178ce
train,65,3439,350,3089,0.10177377144518755,1081150,1077544,4096,2616,10.0,979.5,selected,VWO,Equities,19a6232ee33796a9552232c54f9159497396cf0eb35a5bf782803940d6a178ce
train,66,3439,699,2740,0.203256760686246,1915260,1909362,4096,2809,11.0,1025.0,selected,XBI,Equities,19a6232ee33796a9552232c54f9159497396cf0eb35a5bf782803940d6a178ce
train,67,3439,341,3098,0.09915673160802559,1056418,1052882,4096,2617,10.0,1065.5,selected,XLB,Equities,19a6232ee33796a9552232c54f9159497396cf0eb35a5bf782803940d6a178ce
train,68,1310,176,1134,0.13435114503816795,199584,197940,4096,1288,10.0,399.0,selected,XLC,Equities,19a6232ee33796a9552232c54f9159497396cf0eb35a5bf782803940d6a178ce
train,69,3439,515,2924,0.14975283512649026,1505860,1500956,4096,2744,10.0,1010.5,selected,XLE,Equities,19a6232ee33796a9552232c54f9159497396cf0eb35a5bf782803940d6a178ce
train,70,3439,408,3031,0.11863913928467577,1236648,1232556,4096,2660,10.0,1048.0,selected,XLF,Equities,19a6232ee33796a9552232c54f9159497396cf0eb35a5bf782803940d6a178ce
train,71,3439,330,3109,0.09595812736260541,1025970,1022660,4096,2616,10.0,1038.5,selected,XLI,Equities,19a6232ee33796a9552232c54f9159497396cf0eb35a5bf782803940d6a178ce
train,72,3439,380,3059,0.11049723756906077,1162420,1158510,4096,2638,10.0,1051.5,selected,XLK,Equities,19a6232ee33796a9552232c54f9159497396cf0eb35a5bf782803940d6a178ce
train,73,2148,1156,992,0.5381750465549349,1146752,1140139,4096,2103,10.0,662.5,selected,XLM-USD,Crypto,19a6232ee33796a9552232c54f9159497396cf0eb35a5bf782803940d6a178ce
train,74,3439,191,3248,0.0555394009886595,620368,618366,4096,2556,10.0,983.5,selected,XLP,Equities,19a6232ee33796a9552232c54f9159497396cf0eb35a5bf782803940d6a178ce
train,75,1988,207,1781,0.10412474849094568,368667,366592,4096,1803,10.0,611.5,selected,XLRE,Equities,19a6232ee33796a9552232c54f9159497396cf0eb35a5bf782803940d6a178ce
train,76,3439,208,3231,0.06048269845885432,672048,669782,4096,2513,10.0,1039.5,selected,XLU,Equities,19a6232ee33796a9552232c54f9159497396cf0eb35a5bf782803940d6a178ce
train,77,3439,240,3199,0.06978772899098575,767760,765226,4096,2539,10.0,977.0,selected,XLV,Equities,19a6232ee33796a9552232c54f9159497396cf0eb35a5bf782803940d6a178ce
train,78,3439,381,3058,0.11078801977318987,1165098,1161298,4096,2663,11.0,1053.0,selected,XLY,Equities,19a6232ee33796a9552232c54f9159497396cf0eb35a5bf782803940d6a178ce
train,79,2148,1082,1066,0.5037243947858473,1153412,1146853,4096,2100,10.0,640.0,selected,XRP-USD,Crypto,19a6232ee33796a9552232c54f9159497396cf0eb35a5bf782803940d6a178ce
validation,0,379,200,179,0.5277044854881267,35800,34462,4096,379,10.0,111.0,selected,ADA-USD,Crypto,efe45bc1c3d9bee8f15c6dd97c29ad64d529b4183fd606dd552183f7fb39ddd7
validation,1,238,0,238,0.0,0,0,0,0,,,insufficient_pair_support,AGG,Bonds,efe45bc1c3d9bee8f15c6dd97c29ad64d529b4183fd606dd552183f7fb39ddd7
validation,2,379,226,153,0.5963060686015831,34578,33346,4096,379,10.0,116.0,selected,AVAX-USD,Crypto,efe45bc1c3d9bee8f15c6dd97c29ad64d529b4183fd606dd552183f7fb39ddd7
validation,3,379,194,185,0.5118733509234829,35890,34511,4096,379,10.0,122.0,selected,BCH-USD,Crypto,efe45bc1c3d9bee8f15c6dd97c29ad64d529b4183fd606dd552183f7fb39ddd7
validation,4,238,0,238,0.0,0,0,0,0,,,insufficient_pair_support,BND,Bonds,efe45bc1c3d9bee8f15c6dd97c29ad64d529b4183fd606dd552183f7fb39ddd7
validation,5,379,120,259,0.316622691292876,31080,30010,4096,379,10.0,123.0,selected,BTC-USD,Crypto,efe45bc1c3d9bee8f15c6dd97c29ad64d529b4183fd606dd552183f7fb39ddd7
validation,6,238,27,211,0.1134453781512605,5697,5399,4096,238,10.0,66.0,selected,CPER,Commodities,efe45bc1c3d9bee8f15c6dd97c29ad64d529b4183fd606dd552183f7fb39ddd7
validation,7,238,20,218,0.08403361344537816,4360,4158,4096,238,10.0,95.0,selected,DBA,Commodities,efe45bc1c3d9bee8f15c6dd97c29ad64d529b4183fd606dd552183f7fb39ddd7
validation,8,238,16,222,0.06722689075630252,3552,3369,3369,238,10.0,65.0,selected,DIA,Equities,efe45bc1c3d9bee8f15c6dd97c29ad64d529b4183fd606dd552183f7fb39ddd7
validation,9,379,208,171,0.5488126649076517,35568,34333,4096,379,10.0,119.0,selected,DOGE-USD,Crypto,efe45bc1c3d9bee8f15c6dd97c29ad64d529b4183fd606dd552183f7fb39ddd7
validation,10,379,226,153,0.5963060686015831,34578,33325,4096,379,10.0,116.0,selected,DOT-USD,Crypto,efe45bc1c3d9bee8f15c6dd97c29ad64d529b4183fd606dd552183f7fb39ddd7
validation,11,238,13,225,0.0546218487394958,2925,2729,2729,238,10.0,73.0,selected,EEM,Equities,efe45bc1c3d9bee8f15c6dd97c29ad64d529b4183fd606dd552183f7fb39ddd7
validation,12,238,2,236,0.008403361344537815,472,438,438,222,10.0,64.0,selected,EFA,Equities,efe45bc1c3d9bee8f15c6dd97c29ad64d529b4183fd606dd552183f7fb39ddd7
validation,13,238,10,228,0.04201680672268908,2280,2172,2172,238,10.0,109.0,selected,EMB,Bonds,efe45bc1c3d9bee8f15c6dd97c29ad64d529b4183fd606dd552183f7fb39ddd7
validation,14,379,163,216,0.43007915567282323,35208,33885,4096,379,10.0,116.0,selected,ETH-USD,Crypto,efe45bc1c3d9bee8f15c6dd97c29ad64d529b4183fd606dd552183f7fb39ddd7
validation,15,238,21,217,0.08823529411764706,4557,4288,4096,238,10.0,73.0,selected,EWA,Equities,efe45bc1c3d9bee8f15c6dd97c29ad64d529b4183fd606dd552183f7fb39ddd7
validation,16,238,5,233,0.02100840336134454,1165,1087,1087,238,10.0,80.0,selected,EWC,Equities,efe45bc1c3d9bee8f15c6dd97c29ad64d529b4183fd606dd552183f7fb39ddd7
validation,17,238,16,222,0.06722689075630252,3552,3366,3366,238,10.0,66.0,selected,EWJ,Equities,efe45bc1c3d9bee8f15c6dd97c29ad64d529b4183fd606dd552183f7fb39ddd7
validation,18,238,1,237,0.004201680672268907,237,219,219,220,10.0,64.0,selected,EWU,Equities,efe45bc1c3d9bee8f15c6dd97c29ad64d529b4183fd606dd552183f7fb39ddd7
validation,19,238,44,194,0.18487394957983194,8536,8110,4096,238,10.0,79.5,selected,EWZ,Equities,efe45bc1c3d9bee8f15c6dd97c29ad64d529b4183fd606dd552183f7fb39ddd7
validation,20,238,8,230,0.03361344537815126,1840,1738,1738,238,10.0,65.0,selected,FXA,FX,efe45bc1c3d9bee8f15c6dd97c29ad64d529b4183fd606dd552183f7fb39ddd7
validation,21,238,5,233,0.02100840336134454,1165,1095,1095,238,10.0,80.0,selected,FXB,FX,efe45bc1c3d9bee8f15c6dd97c29ad64d529b4183fd606dd552183f7fb39ddd7
validation,22,238,5,233,0.02100840336134454,1165,1095,1095,228,10.0,64.0,selected,FXC,FX,efe45bc1c3d9bee8f15c6dd97c29ad64d529b4183fd606dd552183f7fb39ddd7
validation,23,238,10,228,0.04201680672268908,2280,2190,2190,238,10.0,64.0,selected,FXE,FX,efe45bc1c3d9bee8f15c6dd97c29ad64d529b4183fd606dd552183f7fb39ddd7
validation,24,238,35,203,0.14705882352941177,7105,6717,4096,238,10.0,69.0,selected,FXI,Equities,efe45bc1c3d9bee8f15c6dd97c29ad64d529b4183fd606dd552183f7fb39ddd7
validation,25,238,15,223,0.06302521008403361,3345,3167,3167,238,10.0,83.0,selected,FXY,FX,efe45bc1c3d9bee8f15c6dd97c29ad64d529b4183fd606dd552183f7fb39ddd7
validation,26,238,7,231,0.029411764705882353,1617,1533,1533,232,10.0,64.0,selected,GLD,Commodities,efe45bc1c3d9bee8f15c6dd97c29ad64d529b4183fd606dd552183f7fb39ddd7
validation,27,238,8,230,0.03361344537815126,1840,1752,1752,234,10.0,81.5,selected,HYG,Bonds,efe45bc1c3d9bee8f15c6dd97c29ad64d529b4183fd606dd552183f7fb39ddd7
validation,28,238,2,236,0.008403361344537815,472,438,438,223,10.0,64.0,selected,IEF,Bonds,efe45bc1c3d9bee8f15c6dd97c29ad64d529b4183fd606dd552183f7fb39ddd7
validation,29,238,27,211,0.1134453781512605,5697,5409,4096,238,10.0,70.0,selected,IFRA,Real assets,efe45bc1c3d9bee8f15c6dd97c29ad64d529b4183fd606dd552183f7fb39ddd7
validation,30,238,17,221,0.07142857142857142,3757,3571,3571,238,10.0,71.0,selected,INDA,Equities,efe45bc1c3d9bee8f15c6dd97c29ad64d529b4183fd606dd552183f7fb39ddd7
validation,31,238,8,230,0.03361344537815126,1840,1724,1724,238,10.0,86.0,selected,IWD,Equities,efe45bc1c3d9bee8f15c6dd97c29ad64d529b4183fd606dd552183f7fb39ddd7
validation,32,238,21,217,0.08823529411764706,4557,4349,4096,238,10.0,77.0,selected,IWF,Equities,efe45bc1c3d9bee8f15c6dd97c29ad64d529b4183fd606dd552183f7fb39ddd7
validation,33,238,46,192,0.19327731092436976,8832,8353,4096,238,10.0,74.0,selected,IWM,Equities,efe45bc1c3d9bee8f15c6dd97c29ad64d529b4183fd606dd552183f7fb39ddd7
validation,34,238,20,218,0.08403361344537816,4360,4162,4096,238,10.0,89.0,selected,IYR,Real assets,efe45bc1c3d9bee8f15c6dd97c29ad64d529b4183fd606dd552183f7fb39ddd7
validation,35,238,8,230,0.03361344537815126,1840,1752,1752,234,10.0,81.5,selected,JNK,Bonds,efe45bc1c3d9bee8f15c6dd97c29ad64d529b4183fd606dd552183f7fb39ddd7
validation,36,379,211,168,0.5567282321899736,35448,34178,4096,379,10.0,117.0,selected,LINK-USD,Crypto,efe45bc1c3d9bee8f15c6dd97c29ad64d529b4183fd606dd552183f7fb39ddd7
validation,37,238,1,237,0.004201680672268907,237,219,219,220,10.0,118.0,selected,LQD,Bonds,efe45bc1c3d9bee8f15c6dd97c29ad64d529b4183fd606dd552183f7fb39ddd7
validation,38,379,156,223,0.41160949868073876,34788,33496,4096,379,10.0,115.0,selected,LTC-USD,Crypto,efe45bc1c3d9bee8f15c6dd97c29ad64d529b4183fd606dd552183f7fb39ddd7
validation,39,238,23,215,0.09663865546218488,4945,4700,4096,238,10.0,75.0,selected,MTUM,Equities,efe45bc1c3d9bee8f15c6dd97c29ad64d529b4183fd606dd552183f7fb39ddd7
validation,40,238,12,226,0.05042016806722689,2712,2558,2558,238,10.0,70.0,selected,MUB,Bonds,efe45bc1c3d9bee8f15c6dd97c29ad64d529b4183fd606dd552183f7fb39ddd7
validation,41,238,64,174,0.2689075630252101,11136,10495,4096,238,10.0,74.0,selected,PALL,Commodities,efe45bc1c3d9bee8f15c6dd97c29ad64d529b4183fd606dd552183f7fb39ddd7
validation,42,238,25,213,0.10504201680672269,5325,4995,4096,238,10.0,73.0,selected,PPLT,Commodities,efe45bc1c3d9bee8f15c6dd97c29ad64d529b4183fd606dd552183f7fb39ddd7
validation,43,238,23,215,0.09663865546218488,4945,4723,4096,238,10.0,75.0,selected,QQQ,Equities,efe45bc1c3d9bee8f15c6dd97c29ad64d529b4183fd606dd552183f7fb39ddd7
validation,44,238,12,226,0.05042016806722689,2712,2572,2572,238,10.0,68.0,selected,QUAL,Equities,efe45bc1c3d9bee8f15c6dd97c29ad64d529b4183fd606dd552183f7fb39ddd7
validation,45,238,10,228,0.04201680672268908,2280,2190,2190,238,10.0,64.0,selected,SHY,Bonds,efe45bc1c3d9bee8f15c6dd97c29ad64d529b4183fd606dd552183f7fb39ddd7
validation,46,238,15,223,0.06302521008403361,3345,3177,3177,238,10.0,77.0,selected,SIZE,Equities,efe45bc1c3d9bee8f15c6dd97c29ad64d529b4183fd606dd552183f7fb39ddd7
validation,47,238,42,196,0.17647058823529413,8232,7772,4096,238,10.0,69.0,selected,SLV,Commodities,efe45bc1c3d9bee8f15c6dd97c29ad64d529b4183fd606dd552183f7fb39ddd7
validation,48,379,181,198,0.47757255936675463,35838,34601,4096,379,10.0,116.0,selected,SOL-USD,Crypto,efe45bc1c3d9bee8f15c6dd97c29ad64d529b4183fd606dd552183f7fb39ddd7
validation,49,238,23,215,0.09663865546218488,4945,4717,4096,238,10.0,69.0,selected,SPY,Equities,efe45bc1c3d9bee8f15c6dd97c29ad64d529b4183fd606dd552183f7fb39ddd7
validation,50,238,0,238,0.0,0,0,0,0,,,insufficient_pair_support,TIP,Bonds,efe45bc1c3d9bee8f15c6dd97c29ad64d529b4183fd606dd552183f7fb39ddd7
validation,51,238,4,234,0.01680672268907563,936,876,876,226,10.0,78.5,selected,TLT,Bonds,efe45bc1c3d9bee8f15c6dd97c29ad64d529b4183fd606dd552183f7fb39ddd7
validation,52,238,95,143,0.39915966386554624,13585,12818,4096,238,10.0,77.0,selected,UNG,Commodities,efe45bc1c3d9bee8f15c6dd97c29ad64d529b4183fd606dd552183f7fb39ddd7
validation,54,238,3,235,0.012605042016806723,705,653,653,238,10.0,70.0,selected,USMV,Equities,efe45bc1c3d9bee8f15c6dd97c29ad64d529b4183fd606dd552183f7fb39ddd7
validation,55,238,38,200,0.15966386554621848,7600,7127,4096,238,10.0,74.0,selected,USO,Commodities,efe45bc1c3d9bee8f15c6dd97c29ad64d529b4183fd606dd552183f7fb39ddd7
validation,56,238,11,227,0.046218487394957986,2497,2397,2397,238,10.0,67.0,selected,UUP,FX,efe45bc1c3d9bee8f15c6dd97c29ad64d529b4183fd606dd552183f7fb39ddd7
validation,57,238,2,236,0.008403361344537815,472,438,438,222,10.0,64.0,selected,VEA,Equities,efe45bc1c3d9bee8f15c6dd97c29ad64d529b4183fd606dd552183f7fb39ddd7
validation,58,238,1,237,0.004201680672268907,237,219,219,220,10.0,64.0,selected,VGK,Equities,efe45bc1c3d9bee8f15c6dd97c29ad64d529b4183fd606dd552183f7fb39ddd7
validation,59,238,18,220,0.07563025210084033,3960,3726,3726,238,10.0,74.5,selected,VLUE,Equities,efe45bc1c3d9bee8f15c6dd97c29ad64d529b4183fd606dd552183f7fb39ddd7
validation,60,238,20,218,0.08403361344537816,4360,4162,4096,238,10.0,89.0,selected,VNQ,Real assets,efe45bc1c3d9bee8f15c6dd97c29ad64d529b4183fd606dd552183f7fb39ddd7
validation,61,238,21,217,0.08823529411764706,4557,4375,4096,238,10.0,66.0,selected,VT,Equities,efe45bc1c3d9bee8f15c6dd97c29ad64d529b4183fd606dd552183f7fb39ddd7
validation,62,238,26,212,0.1092436974789916,5512,5265,4096,238,10.0,70.0,selected,VTI,Equities,efe45bc1c3d9bee8f15c6dd97c29ad64d529b4183fd606dd552183f7fb39ddd7
validation,63,238,5,233,0.02100840336134454,1165,1087,1087,238,10.0,74.0,selected,VTV,Equities,efe45bc1c3d9bee8f15c6dd97c29ad64d529b4183fd606dd552183f7fb39ddd7
validation,64,238,19,219,0.07983193277310924,4161,3951,3951,238,10.0,79.0,selected,VUG,Equities,efe45bc1c3d9bee8f15c6dd97c29ad64d529b4183fd606dd552183f7fb39ddd7
validation,65,238,12,226,0.05042016806722689,2712,2528,2528,238,10.0,71.0,selected,VWO,Equities,efe45bc1c3d9bee8f15c6dd97c29ad64d529b4183fd606dd552183f7fb39ddd7
validation,66,238,42,196,0.17647058823529413,8232,7805,4096,238,10.0,83.0,selected,XBI,Equities,efe45bc1c3d9bee8f15c6dd97c29ad64d529b4183fd606dd552183f7fb39ddd7
validation,67,238,13,225,0.0546218487394958,2925,2805,2805,238,10.0,84.0,selected,XLB,Equities,efe45bc1c3d9bee8f15c6dd97c29ad64d529b4183fd606dd552183f7fb39ddd7
validation,68,238,15,223,0.06302521008403361,3345,3140,3140,238,10.0,86.5,selected,XLC,Equities,efe45bc1c3d9bee8f15c6dd97c29ad64d529b4183fd606dd552183f7fb39ddd7
validation,69,238,27,211,0.1134453781512605,5697,5432,4096,238,10.0,77.0,selected,XLE,Equities,efe45bc1c3d9bee8f15c6dd97c29ad64d529b4183fd606dd552183f7fb39ddd7
validation,70,238,18,220,0.07563025210084033,3960,3761,3761,238,10.0,71.0,selected,XLF,Equities,efe45bc1c3d9bee8f15c6dd97c29ad64d529b4183fd606dd552183f7fb39ddd7
validation,71,238,14,224,0.058823529411764705,3136,2964,2964,238,10.0,65.0,selected,XLI,Equities,efe45bc1c3d9bee8f15c6dd97c29ad64d529b4183fd606dd552183f7fb39ddd7
validation,72,238,36,202,0.15126050420168066,7272,6956,4096,238,10.0,75.0,selected,XLK,Equities,efe45bc1c3d9bee8f15c6dd97c29ad64d529b4183fd606dd552183f7fb39ddd7
validation,73,379,198,181,0.5224274406332454,35838,34595,4096,379,10.0,119.0,selected,XLM-USD,Crypto,efe45bc1c3d9bee8f15c6dd97c29ad64d529b4183fd606dd552183f7fb39ddd7
validation,74,238,0,238,0.0,0,0,0,0,,,insufficient_pair_support,XLP,Equities,efe45bc1c3d9bee8f15c6dd97c29ad64d529b4183fd606dd552183f7fb39ddd7
validation,75,238,18,220,0.07563025210084033,3960,3780,3780,238,10.0,92.0,selected,XLRE,Equities,efe45bc1c3d9bee8f15c6dd97c29ad64d529b4183fd606dd552183f7fb39ddd7
validation,76,238,14,224,0.058823529411764705,3136,2944,2944,238,10.0,72.0,selected,XLU,Equities,efe45bc1c3d9bee8f15c6dd97c29ad64d529b4183fd606dd552183f7fb39ddd7
validation,77,238,15,223,0.06302521008403361,3345,3161,3161,238,10.0,69.0,selected,XLV,Equities,efe45bc1c3d9bee8f15c6dd97c29ad64d529b4183fd606dd552183f7fb39ddd7
validation,78,238,24,214,0.10084033613445378,5136,4870,4096,238,10.0,78.0,selected,XLY,Equities,efe45bc1c3d9bee8f15c6dd97c29ad64d529b4183fd606dd552183f7fb39ddd7
validation,79,379,171,208,0.45118733509234826,35568,34273,4096,379,10.0,119.0,selected,XRP-USD,Crypto,efe45bc1c3d9bee8f15c6dd97c29ad64d529b4183fd606dd552183f7fb39ddd7
