model_variant,score,split,threshold,validation_f1,n_obs,positives,prevalence,f1,balanced_accuracy,roc_auc,pr_auc,brier_score,log_loss,prediction_positive_rate
historical_frozen,transformer,test,0.29,0.5775937774432317,19764,3415,0.17278890912770695,0.5618483412322275,0.7659779048995972,0.8008913373526053,0.42257332344923226,0.11425491256423838,0.3706665438500113,0.2542501517911354
historical_frozen,static_asset_prior,test,0.26,0.5806528472718608,19764,3415,0.17278890912770695,0.5675643611341796,0.7700312285992392,0.820977915198381,0.4578504380999676,0.10924270937357253,0.3543475406049896,0.2536935842946772
historical_frozen,static_family_prior,test,0.18,0.5747239263803681,19764,3415,0.17278890912770695,0.5589925418755349,0.7589154019386968,0.807207742679423,0.418711693851539,0.11120035826113438,0.3615223974901874,0.24104432301153614
historical_frozen,within_asset_centred,test,0.48,0.3385100420364316,19764,3415,0.17278890912770695,0.2934326967862133,0.5053623080810437,0.3538297371024972,0.13576822747075562,,,0.9135296498684476
historical_frozen,asset_prior_residual,test,0.49,0.3517796830345544,19764,3415,0.17278890912770695,0.3142094334025512,0.5576505500849113,0.48078589034374386,0.1554354223029266,,,0.6800242865816636
historical_frozen,family_prior_residual,test,0.48,0.44387096774193546,19764,3415,0.17278890912770695,0.36418757659807777,0.6299729088252248,0.5533219712373774,0.20087288971242884,,,0.6116170815624368
legacy_target_purge18,transformer,test,0.17,0.5611089914790792,19764,3415,0.17278890912770695,0.5322711003348343,0.7475373592861492,0.8011226390821652,0.4205612397447428,0.11579230517253195,0.37499550086809713,0.2654320987654321
legacy_target_purge18,static_asset_prior,test,0.25,0.5784289583846344,19764,3415,0.17278890912770695,0.5675643611341796,0.7700312285992392,0.8211201279700012,0.4589825080711716,0.10927283588849102,0.35444383135717844,0.2536935842946772
legacy_target_purge18,static_family_prior,test,0.18,0.571790969051243,19764,3415,0.17278890912770695,0.5589925418755349,0.7589154019386968,0.807207742679423,0.418711693851539,0.11122005509367583,0.3616005398622285,0.24104432301153614
legacy_target_purge18,within_asset_centred,test,0.45,0.33778307508939215,19764,3415,0.17278890912770695,0.2860576923076923,0.49049611211954613,0.3713210841090929,0.13831358824056497,,,0.9217263711799231
legacy_target_purge18,asset_prior_residual,test,0.47000000000000003,0.32765483203311574,19764,3415,0.17278890912770695,0.262785668361681,0.47908417303497186,0.4033548154023596,0.1371573611671635,,,0.6928759360453349
legacy_target_purge18,family_prior_residual,test,0.43,0.3839957975836106,19764,3415,0.17278890912770695,0.29790226180710183,0.5324360017900182,0.473479950999282,0.16681110112365843,,,0.6907002631046347
corrected_asset_conditioned,transformer,test,0.23,0.5577188795377465,21514,3471,0.16133680394161942,0.5114204916249728,0.7452197687802146,0.7890706702399992,0.4028659531358338,0.11091954709217543,0.36054808768964586,0.2660128288556289
corrected_asset_conditioned,static_asset_prior,test,0.25,0.5716719396446824,21514,3471,0.16133680394161942,0.5638185032410136,0.7719095311429355,0.8239058561294393,0.45307282583307684,0.10325009972216408,0.3388593980264592,0.23305754392488612
corrected_asset_conditioned,static_family_prior,test,0.18,0.5649122807017544,21514,3471,0.16133680394161942,0.5551912568306011,0.7606306235402023,0.816548771506871,0.41485020028577724,0.10488716626764932,0.3449070152975175,0.2214372036813238
corrected_asset_conditioned,within_asset_centred,test,0.5,0.31111391129032256,21514,3471,0.16133680394161942,0.22636189708992044,0.43190114054659234,0.41430716272993806,0.13845155362400174,,,0.7618759877289207
corrected_asset_conditioned,asset_prior_residual,test,0.47000000000000003,0.30788584008176745,21514,3471,0.16133680394161942,0.23255813953488372,0.48237392752960123,0.4349282172730776,0.1328521601296336,,,0.5222180905456911
corrected_asset_conditioned,family_prior_residual,test,0.44,0.3526907356948229,21514,3471,0.16133680394161942,0.30787413207268427,0.5789801446344773,0.49261813383384384,0.15748860513583574,,,0.46792786092776795
no_explicit_asset_id,transformer,test,0.26,0.5327546453275465,21514,3471,0.16133680394161942,0.440045766590389,0.6842865677024027,0.7159195135063644,0.3541139054374183,0.12407858185174792,0.4062462441204096,0.2449102909733197
no_explicit_asset_id,static_asset_prior,test,0.25,0.5716719396446824,21514,3471,0.16133680394161942,0.5638185032410136,0.7719095311429355,0.8239058561294393,0.45307282583307684,0.10325009972216408,0.3388593980264592,0.23305754392488612
no_explicit_asset_id,static_family_prior,test,0.18,0.5649122807017544,21514,3471,0.16133680394161942,0.5551912568306011,0.7606306235402023,0.816548771506871,0.41485020028577724,0.10488716626764932,0.3449070152975175,0.2214372036813238
no_explicit_asset_id,within_asset_centred,test,0.5,0.3885151763740771,21514,3471,0.16133680394161942,0.27740242336255516,0.526557751143899,0.41982503208307725,0.1296514320102641,,,0.6710978897462118
no_explicit_asset_id,asset_prior_residual,test,0.43,0.3105923391695177,21514,3471,0.16133680394161942,0.2381449759766033,0.4571836002450882,0.31755459560073634,0.11178628735032167,,,0.7286882959933066
no_explicit_asset_id,family_prior_residual,test,0.38,0.3362291929173022,21514,3471,0.16133680394161942,0.25560174389131096,0.482561018603195,0.3582528919159204,0.1268211771316787,,,0.7555545226364228
no_macro,transformer,test,0.25,0.565530258346113,21514,3471,0.16133680394161942,0.5548165137614679,0.7700348919982168,0.806789785271278,0.40442123840172517,0.10572192915858056,0.3446322177890762,0.2439806637538347
no_macro,static_asset_prior,test,0.25,0.5716719396446824,21514,3471,0.16133680394161942,0.5638185032410136,0.7719095311429355,0.8239058561294393,0.45307282583307684,0.10325009972216408,0.3388593980264592,0.23305754392488612
no_macro,static_family_prior,test,0.18,0.5649122807017544,21514,3471,0.16133680394161942,0.5551912568306011,0.7606306235402023,0.816548771506871,0.41485020028577724,0.10488716626764932,0.3449070152975175,0.2214372036813238
no_macro,within_asset_centred,test,0.5,0.314299839327648,21514,3471,0.16133680394161942,0.2884604882311179,0.5423843753772819,0.5253188655743851,0.17158102205228326,,,0.6897833968578599
no_macro,asset_prior_residual,test,0.4,0.34412855377008655,21514,3471,0.16133680394161942,0.33282042514389926,0.6114776980558289,0.5478555478075975,0.16531417310530283,,,0.6542716370735335
no_macro,family_prior_residual,test,0.45,0.40842204132748905,21514,3471,0.16133680394161942,0.40087368037859483,0.688429931614596,0.6050624877319782,0.22369324059160192,,,0.4770846890396951
