split,group_type,group,n_assets,n_obs,positives,prevalence,contiguous_label_episodes,greedy_nonoverlap_positive_endpoints,mean_episode_windows,median_stressed_future_return,median_stressed_future_drawdown,median_stressed_volatility_ratio,volatility_only_positive_rate
train,asset_ticker,ADA-USD,1,2207,1156,0.5237879474399637,188,166,6.148936170212766,-0.09511404878688906,-0.1348735179979078,1.0224845964425668,0.04844290657439446
train,asset_ticker,AGG,1,3498,90,0.025728987993138937,21,18,4.285714285714286,-0.004867623028412593,-0.007613205588519134,2.2633992960530662,0.9222222222222223
train,asset_ticker,AVAX-USD,1,1161,667,0.5745047372954349,100,96,6.67,-0.09253535448725358,-0.1385519229774197,0.9584846803577926,0.08545727136431784
train,asset_ticker,BCH-USD,1,2207,1152,0.5219755323969189,171,159,6.7368421052631575,-0.09141268347818904,-0.12584829993073343,1.006812679238871,0.06597222222222222
train,asset_ticker,BND,1,3498,88,0.025157232704402517,18,17,4.888888888888889,-0.010221904890594713,-0.012348170689680749,2.3034140771161242,0.8977272727272727
train,asset_ticker,BTC-USD,1,3356,1200,0.3575685339690107,215,188,5.5813953488372094,-0.07429850021523143,-0.10894063984323016,1.241097698678466,0.13083333333333333
train,asset_ticker,CPER,1,3026,363,0.11996034368803701,88,70,4.125,-0.06110825156971045,-0.0713279487803038,1.3956643744719697,0.1487603305785124
train,asset_ticker,DBA,1,3498,137,0.03916523727844483,46,34,2.9782608695652173,-0.05313998916635221,-0.05749993878222026,1.8237529660209864,0.291970802919708
train,asset_ticker,DIA,1,3498,305,0.08719268153230417,62,59,4.919354838709677,-0.04344572532712243,-0.05530533548729755,2.239227832700819,0.47540983606557374
train,asset_ticker,DOGE-USD,1,2207,1151,0.5215224286361577,168,161,6.851190476190476,-0.08319210776877273,-0.11726162040879995,0.9961069338138637,0.14509122502172025
train,asset_ticker,DOT-USD,1,1192,601,0.5041946308724832,98,83,6.13265306122449,-0.0885193807702579,-0.13316015389610214,1.0454688851168688,0.036605657237936774
train,asset_ticker,EEM,1,3498,382,0.10920526014865638,106,83,3.6037735849056602,-0.06028798519792883,-0.07303767919765058,1.4229164521325826,0.09424083769633508
train,asset_ticker,EFA,1,3498,330,0.09433962264150944,85,71,3.8823529411764706,-0.05473701604999143,-0.0653368718597217,2.0411106014665044,0.29393939393939394
train,asset_ticker,EMB,1,3498,210,0.060034305317324184,34,34,6.176470588235294,-0.01877937462223611,-0.033949870525445514,2.461053330049182,0.7761904761904762
train,asset_ticker,ETH-USD,1,2207,946,0.42863615768010876,164,145,5.7682926829268295,-0.08877606975373087,-0.12326652300863467,1.138285191626656,0.0708245243128964
train,asset_ticker,EWA,1,3498,413,0.1180674671240709,98,80,4.214285714285714,-0.06067050317578293,-0.07414093606996786,1.5250068921947575,0.14285714285714285
train,asset_ticker,EWC,1,3498,330,0.09433962264150944,81,67,4.074074074074074,-0.0603386026255851,-0.07188702270496855,1.6257960893315262,0.18484848484848485
train,asset_ticker,EWJ,1,3498,280,0.08004574042309891,71,61,3.943661971830986,-0.056870121206731294,-0.0662564902447288,2.0100836299545284,0.26785714285714285
train,asset_ticker,EWU,1,3498,345,0.09862778730703259,88,71,3.9204545454545454,-0.057657825627954296,-0.0708222191228346,1.9509749571526858,0.21159420289855072
train,asset_ticker,EWZ,1,3498,794,0.22698684962835905,202,151,3.9306930693069306,-0.0661414253649163,-0.08339735249319569,1.2055205432749951,0.022670025188916875
train,asset_ticker,FXA,1,3498,95,0.02715837621497999,27,24,3.5185185185185186,-0.04048121198035526,-0.0509824507561496,2.1529059445587957,0.5263157894736842
train,asset_ticker,FXB,1,3498,96,0.0274442538593482,24,22,4.0,-0.023481029039989554,-0.036619296567216075,2.202047783277137,0.6666666666666666
train,asset_ticker,FXC,1,3498,50,0.01429388221841052,16,13,3.125,-0.0315157998390973,-0.04177370983307205,2.145272740406588,0.74
train,asset_ticker,FXE,1,3498,63,0.018010291595197257,18,17,3.5,-0.020455012032588038,-0.025049675827291784,2.1369269714862313,0.6984126984126984
train,asset_ticker,FXI,1,3498,561,0.16037735849056603,149,113,3.7651006711409396,-0.06426528713138224,-0.07777525199464075,1.216284863487751,0.0677361853832442
train,asset_ticker,FXY,1,3498,168,0.048027444253859346,41,36,4.097560975609756,0.0020764975944603803,-0.01673886917065459,2.2724894034358027,0.7797619047619048
train,asset_ticker,GLD,1,3498,272,0.07775871926815323,74,58,3.675675675675676,-0.051242159389479125,-0.05418658986253777,2.028550226273368,0.4338235294117647
train,asset_ticker,HYG,1,3498,246,0.07032590051457976,54,43,4.555555555555555,-0.009990461862384059,-0.019629043486934283,2.418997092044629,0.8577235772357723
train,asset_ticker,IEF,1,3498,86,0.024585477415666093,22,19,3.909090909090909,0.004089884821539824,-0.009088707899331583,2.3288387987128756,0.9883720930232558
train,asset_ticker,IFRA,1,1421,135,0.09500351864883885,33,26,4.090909090909091,-0.060717108439395706,-0.07046991583101958,1.6213350353509985,0.17777777777777778
train,asset_ticker,INDA,1,2972,314,0.10565275908479138,88,64,3.5681818181818183,-0.06023292362788535,-0.07399023322609238,1.4707648816732704,0.09872611464968153
train,asset_ticker,IWD,1,3498,314,0.08976558033161806,63,61,4.984126984126984,-0.04871867156726967,-0.05538447109808364,2.197784423932963,0.4426751592356688
train,asset_ticker,IWF,1,3498,357,0.10205831903945112,74,63,4.824324324324325,-0.05307481842267825,-0.06584725221247578,2.0256662783976718,0.3165266106442577
train,asset_ticker,IWM,1,3498,379,0.10834762721555175,96,79,3.9479166666666665,-0.058967838673187,-0.07671516033218162,1.4698660919375333,0.15303430079155672
train,asset_ticker,IYR,1,3498,363,0.10377358490566038,91,67,3.989010989010989,-0.05610488451072326,-0.0709805394522921,1.7477230845737723,0.23140495867768596
train,asset_ticker,JNK,1,3498,271,0.07747284162378502,50,44,5.42,-0.01033314539496677,-0.018115982688673316,2.4395061736135726,0.8634686346863468
train,asset_ticker,LINK-USD,1,2207,1145,0.5188038060715904,194,170,5.902061855670103,-0.08718804571644101,-0.1404794392887012,1.007716894750928,0.032314410480349345
train,asset_ticker,LQD,1,3498,84,0.024013722126929673,21,21,4.0,-0.01086229214882839,-0.024893658682307918,2.3392960837383336,0.7619047619047619
train,asset_ticker,LTC-USD,1,3356,1530,0.45589988081048866,279,233,5.483870967741935,-0.08322611474186714,-0.12290143945605075,1.080417111174284,0.10784313725490197
train,asset_ticker,MTUM,1,2671,272,0.10183451890677649,56,46,4.857142857142857,-0.05487076340003183,-0.07149412845189923,2.012848631711406,0.27941176470588236
train,asset_ticker,MUB,1,3498,217,0.06203544882790166,35,35,6.2,-0.001999359219233332,-0.006966944619575255,2.594501817488021,0.9354838709677419
train,asset_ticker,PALL,1,3494,806,0.2306811677160847,162,142,4.9753086419753085,-0.06831234413665538,-0.0864623014975609,1.2445026062753386,0.05086848635235732
train,asset_ticker,PPLT,1,3494,497,0.14224384659416142,122,97,4.073770491803279,-0.06340255348900958,-0.07208649702357117,1.2252952713211245,0.0744466800804829
train,asset_ticker,QQQ,1,3498,396,0.11320754716981132,88,71,4.5,-0.05636788696373907,-0.07058937456619357,1.7991369330810205,0.2702020202020202
train,asset_ticker,QUAL,1,2608,254,0.09739263803680982,56,45,4.535714285714286,-0.04818489588878644,-0.06040720143619188,2.166509388555335,0.43700787401574803
train,asset_ticker,SHY,1,3498,152,0.04345340194396798,32,29,4.75,1.1528306469443805e-05,-0.0009580509899923539,2.308607352544718,1.0
train,asset_ticker,SIZE,1,2671,234,0.08760763758891801,54,42,4.333333333333333,-0.050377670466408675,-0.05853750286006859,2.129572414626307,0.4230769230769231
train,asset_ticker,SLV,1,3498,649,0.18553459119496854,149,119,4.355704697986577,-0.06637447726316859,-0.07701150471065799,1.294504089544328,0.09861325115562404
train,asset_ticker,SOL-USD,1,1324,738,0.5574018126888217,123,104,6.0,-0.08322033699995857,-0.14321066096938373,0.9714484033254127,0.03387533875338753
train,asset_ticker,SPY,1,3498,304,0.08690680388793597,60,55,5.066666666666666,-0.05040628048692253,-0.06028097992475079,2.189441958000285,0.4276315789473684
train,asset_ticker,TIP,1,3498,75,0.02144082332761578,23,21,3.260869565217391,-0.010185438135051239,-0.01631202235776641,2.317896832341814,0.9066666666666666
train,asset_ticker,TLT,1,3498,169,0.04831332189822756,53,40,3.188679245283019,-0.052259441527009676,-0.055774460838295514,1.5390514291052562,0.33727810650887574
train,asset_ticker,UNG,1,3498,1347,0.3850771869639794,224,206,6.013392857142857,-0.08055554709316748,-0.09836060900152688,1.017761243559638,0.015590200445434299
train,asset_ticker,UNI-USD,1,1496,956,0.6390374331550802,118,123,8.101694915254237,-0.11660109026525284,-0.2697328616008022,0.9341552914548648,0.13389121338912133
train,asset_ticker,USMV,1,3044,185,0.06077529566360053,38,36,4.868421052631579,-0.03813832512811899,-0.05156329229932144,2.480146434998184,0.5135135135135135
train,asset_ticker,USO,1,3498,869,0.24842767295597484,156,139,5.57051282051282,-0.07427260611506759,-0.09170052035305987,1.265061272310998,0.03452243958573072
train,asset_ticker,UUP,1,3498,45,0.012864493996569469,14,12,3.2142857142857144,0.006441905728977737,-0.016431001081704366,2.1591441807300193,0.9555555555555556
train,asset_ticker,VEA,1,3498,321,0.09176672384219554,81,69,3.962962962962963,-0.05621180168017281,-0.06619423867156171,2.0083408754251573,0.2803738317757009
train,asset_ticker,VGK,1,3498,389,0.11120640365923384,96,73,4.052083333333333,-0.05712443128418687,-0.0717091848343081,1.769020970385353,0.17994858611825193
train,asset_ticker,VLUE,1,2671,232,0.0868588543616623,51,45,4.549019607843137,-0.05358475167975507,-0.06446896957659481,2.1142247818954267,0.3620689655172414
train,asset_ticker,VNQ,1,3498,366,0.10463121783876501,95,71,3.8526315789473684,-0.05565894836883628,-0.07165261659835409,1.6084493430831657,0.1721311475409836
train,asset_ticker,VT,1,3498,313,0.08947970268724986,72,62,4.347222222222222,-0.05244896394639931,-0.06150746518154859,2.1115392740969874,0.36421725239616615
train,asset_ticker,VTI,1,3498,313,0.08947970268724986,65,57,4.815384615384615,-0.05155377901582259,-0.061504499297559745,2.1959907904078837,0.3865814696485623
train,asset_ticker,VTV,1,3498,301,0.08604917095483133,56,59,5.375,-0.0460791314768777,-0.054594217891538954,2.285356287131396,0.4750830564784053
train,asset_ticker,VUG,1,3498,370,0.10577472841623785,88,69,4.204545454545454,-0.05500141276803133,-0.06882691764858923,1.7300746450744449,0.2702702702702703
train,asset_ticker,VWO,1,3498,362,0.10348770726129217,90,74,4.022222222222222,-0.05920727421396982,-0.07149646493858952,1.4658596178811178,0.11602209944751381
train,asset_ticker,XBI,1,3498,699,0.1998284734133791,156,121,4.480769230769231,-0.06863366672787696,-0.08621783751726242,1.1964813596896342,0.03862660944206009
train,asset_ticker,XLB,1,3498,353,0.10091480846197827,85,71,4.152941176470589,-0.05974476474374424,-0.0752907775147238,1.6339771646507317,0.17280453257790368
train,asset_ticker,XLC,1,1369,181,0.13221329437545654,43,32,4.209302325581396,-0.06187461352003054,-0.07396929339289815,1.7084772705490288,0.20994475138121546
train,asset_ticker,XLE,1,3498,526,0.15037164093767869,126,100,4.174603174603175,-0.06365832452048414,-0.08098500764039457,1.3245913089411279,0.07984790874524715
train,asset_ticker,XLF,1,3498,416,0.11892510005717553,100,82,4.16,-0.057032938808200706,-0.07244519080278117,1.7975835481127636,0.2668269230769231
train,asset_ticker,XLI,1,3498,333,0.09519725557461406,78,67,4.269230769230769,-0.05532167813275235,-0.06786686443033019,2.015216380268487,0.2882882882882883
train,asset_ticker,XLK,1,3498,389,0.11120640365923384,85,70,4.576470588235294,-0.0548146565284664,-0.0708238572799974,1.9222659296028504,0.2596401028277635
train,asset_ticker,XLM-USD,1,2207,1176,0.532850022655188,188,166,6.25531914893617,-0.08738368596455431,-0.12527923704972088,0.9598582441891086,0.06292517006802721
train,asset_ticker,XLP,1,3498,191,0.05460263007432819,44,40,4.340909090909091,-0.03702744776215472,-0.05215687625009746,2.274143588587228,0.518324607329843
train,asset_ticker,XLRE,1,2047,210,0.10258915486077186,53,42,3.9622641509433962,-0.05954943985837974,-0.07239042166307241,1.4970424874003776,0.18095238095238095
train,asset_ticker,XLU,1,3498,209,0.059748427672955975,61,47,3.4262295081967213,-0.059024260318948585,-0.06939112034578798,1.7914269139977053,0.1339712918660287
train,asset_ticker,XLV,1,3498,240,0.0686106346483705,57,50,4.2105263157894735,-0.05131964348670637,-0.06105812411533351,2.0700283716233256,0.38333333333333336
train,asset_ticker,XLY,1,3498,381,0.10891938250428816,77,69,4.9480519480519485,-0.05438456115005641,-0.07160404050026348,1.5908182282249126,0.27034120734908135
train,asset_ticker,XRP-USD,1,2207,1111,0.5033982782057091,170,160,6.535294117647059,-0.0871934468856973,-0.11988349805818721,1.004513838366552,0.11251125112511251
validation,asset_ticker,ADA-USD,1,438,228,0.5205479452054794,36,33,6.333333333333333,-0.08794048446309705,-0.11742211272883502,1.0159857178327858,0.039473684210526314
validation,asset_ticker,AGG,1,297,0,0.0,0,0,,,,,
validation,asset_ticker,AVAX-USD,1,438,258,0.589041095890411,30,36,8.6,-0.09619226236839368,-0.13258354818845658,0.9541237419402456,0.03875968992248062
validation,asset_ticker,BCH-USD,1,438,220,0.502283105022831,40,34,5.5,-0.0713553036879695,-0.10945887817877503,1.0976746806039934,0.12272727272727273
validation,asset_ticker,BND,1,297,0,0.0,0,0,,,,,
validation,asset_ticker,BTC-USD,1,438,130,0.2968036529680365,31,21,4.193548387096774,-0.0625812697354019,-0.08559493036080057,1.1745263625103768,0.11538461538461539
validation,asset_ticker,CPER,1,297,28,0.09427609427609428,9,6,3.111111111111111,-0.06609244450698154,-0.08003254928941278,1.1411761537801126,0.0
validation,asset_ticker,DBA,1,297,20,0.06734006734006734,4,4,5.0,-0.06628747834106796,-0.07982284924375077,1.703360755312742,0.05
validation,asset_ticker,DIA,1,297,16,0.05387205387205387,4,4,4.0,0.025661291902021155,-0.0027884498433424776,2.12847697154264,0.875
validation,asset_ticker,DOGE-USD,1,438,225,0.5136986301369864,38,35,5.921052631578948,-0.09046348515033942,-0.13090771856486338,1.081573447185749,0.11555555555555555
validation,asset_ticker,DOT-USD,1,438,252,0.5753424657534246,30,35,8.4,-0.08595493349723837,-0.11557382093284846,0.9774316697394247,0.06746031746031746
validation,asset_ticker,EEM,1,297,14,0.04713804713804714,8,5,1.75,-0.04101747002120165,-0.0473508210975887,2.075136708309638,0.6428571428571429
validation,asset_ticker,EFA,1,297,2,0.006734006734006734,1,1,2.0,-0.059382694926127855,-0.060195997640686616,1.982395214664947,0.0
validation,asset_ticker,EMB,1,297,10,0.03367003367003367,3,2,3.3333333333333335,-0.019997949031865858,-0.027712329079576103,2.186565041684182,1.0
validation,asset_ticker,ETH-USD,1,438,176,0.4018264840182648,34,28,5.176470588235294,-0.08136244766176298,-0.10242202027488506,1.0753165091507086,0.056818181818181816
validation,asset_ticker,EWA,1,297,23,0.07744107744107744,9,6,2.5555555555555554,-0.05094494260634019,-0.05220223151174486,1.7896210376444963,0.391304347826087
validation,asset_ticker,EWC,1,297,7,0.02356902356902357,4,4,1.75,-0.0563807489810908,-0.06002491293511325,1.5400467726311766,0.2857142857142857
validation,asset_ticker,EWJ,1,297,16,0.05387205387205387,3,3,5.333333333333333,-0.052764232822965274,-0.07232615588328245,2.2774666702738333,0.125
validation,asset_ticker,EWU,1,297,1,0.003367003367003367,1,1,1.0,-0.009011515118764413,-0.029005861297627167,2.007646127107939,1.0
validation,asset_ticker,EWZ,1,297,45,0.15151515151515152,14,9,3.2142857142857144,-0.061357631861656325,-0.07069223079917708,1.4666613164258198,0.0
validation,asset_ticker,FXA,1,297,8,0.026936026936026935,2,2,4.0,-0.007005059678570791,-0.01053598330769534,2.082199957895855,1.0
validation,asset_ticker,FXB,1,297,5,0.016835016835016835,3,2,1.6666666666666667,-0.01718385377299425,-0.01718385377299425,2.0826216120859504,1.0
validation,asset_ticker,FXC,1,297,5,0.016835016835016835,1,1,5.0,-0.007393639181752065,-0.00899255219415973,2.0775816782826633,1.0
validation,asset_ticker,FXE,1,297,10,0.03367003367003367,1,1,10.0,-0.021329788807357364,-0.022102553894412624,2.8429944605980655,1.0
validation,asset_ticker,FXI,1,297,42,0.1414141414141414,14,9,3.0,-0.05640286071274864,-0.07268399310090301,1.0856342648644435,0.2619047619047619
validation,asset_ticker,FXY,1,297,15,0.050505050505050504,3,3,5.0,0.009681219037421585,-0.014451299275925478,3.1786098054252494,1.0
validation,asset_ticker,GLD,1,297,7,0.02356902356902357,1,1,7.0,-0.06263420483230941,-0.06423290501740342,2.1217863671712784,0.42857142857142855
validation,asset_ticker,HYG,1,297,8,0.026936026936026935,1,1,8.0,-0.008245413027203552,-0.015373140765762405,2.3419808439458674,1.0
validation,asset_ticker,IEF,1,297,2,0.006734006734006734,2,1,1.0,0.015559936897925564,0.004085940245526554,2.0971146480312655,1.0
validation,asset_ticker,IFRA,1,297,28,0.09427609427609428,8,6,3.5,-0.001337977644161159,-0.03467284732724146,1.9121919701825185,0.5
validation,asset_ticker,INDA,1,297,21,0.0707070707070707,5,4,4.2,0.002682708845335391,-0.03124997061497492,2.3533449342493933,0.9523809523809523
validation,asset_ticker,IWD,1,297,8,0.026936026936026935,5,4,1.6,-0.029809227732417676,-0.035606549307339086,2.0130122535425654,0.75
validation,asset_ticker,IWF,1,297,21,0.0707070707070707,6,5,3.5,-0.06386754040653408,-0.0704558656783717,1.9132794527984651,0.19047619047619047
validation,asset_ticker,IWM,1,297,49,0.16498316498316498,12,8,4.083333333333333,-0.05399783594014895,-0.056786476585527046,1.5579257707712024,0.30612244897959184
validation,asset_ticker,IYR,1,297,20,0.06734006734006734,4,3,5.0,-0.05779683894668486,-0.06522585528656266,1.79855472204724,0.35
validation,asset_ticker,JNK,1,297,8,0.026936026936026935,1,1,8.0,-0.008171238926774016,-0.016113207639456506,2.257600760358976,1.0
validation,asset_ticker,LINK-USD,1,438,230,0.5251141552511416,34,33,6.764705882352941,-0.08438328440721998,-0.12498726215529371,1.0479398267274407,0.013043478260869565
validation,asset_ticker,LQD,1,297,1,0.003367003367003367,1,1,1.0,-0.01688699196861565,-0.01688699196861565,2.0038124791152234,1.0
validation,asset_ticker,LTC-USD,1,438,173,0.3949771689497717,41,29,4.219512195121951,-0.06901310194230548,-0.10265081707771473,1.1073475084831348,0.07514450867052024
validation,asset_ticker,MTUM,1,297,23,0.07744107744107744,8,6,2.875,-0.06296447486863865,-0.07079841026412148,1.9931101902588961,0.17391304347826086
validation,asset_ticker,MUB,1,297,13,0.04377104377104377,4,4,3.25,0.0030794364043009725,-0.0077928104360561745,2.246613055800147,1.0
validation,asset_ticker,PALL,1,297,91,0.3063973063973064,18,16,5.055555555555555,-0.07033893930196089,-0.08604772985548981,0.8803525446880363,0.0
validation,asset_ticker,PPLT,1,297,34,0.11447811447811448,11,9,3.090909090909091,-0.06327846546042526,-0.06940381233952597,1.0051058869056753,0.0
validation,asset_ticker,QQQ,1,297,23,0.07744107744107744,7,6,3.2857142857142856,-0.0643669509060305,-0.07200413436861641,1.7693549158077457,0.13043478260869565
validation,asset_ticker,QUAL,1,297,12,0.04040404040404041,4,4,3.0,-0.03301877949503196,-0.03814249959022148,2.286750972296355,0.8333333333333334
validation,asset_ticker,SHY,1,297,10,0.03367003367003367,1,1,10.0,0.008996847202843217,0.00048802092357491667,2.356489621827583,1.0
validation,asset_ticker,SIZE,1,297,15,0.050505050505050504,4,4,3.75,-0.034529359598578724,-0.050401317380439625,2.059361049944342,0.7333333333333333
validation,asset_ticker,SLV,1,297,46,0.15488215488215487,14,10,3.2857142857142856,-0.06594669333746733,-0.07255114697494303,1.039923435297578,0.0
validation,asset_ticker,SOL-USD,1,438,207,0.4726027397260274,34,28,6.088235294117647,-0.09244327041989109,-0.1249796445403526,0.9789440331757878,0.004830917874396135
validation,asset_ticker,SPY,1,297,23,0.07744107744107744,6,5,3.8333333333333335,-0.029261270807585338,-0.03389035731736856,2.337694666115049,0.8260869565217391
validation,asset_ticker,TIP,1,297,0,0.0,0,0,,,,,
validation,asset_ticker,TLT,1,297,5,0.016835016835016835,2,2,2.5,-0.0607338824546213,-0.0607338824546213,1.0523966136020988,0.0
validation,asset_ticker,UNG,1,297,133,0.4478114478114478,26,21,5.115384615384615,-0.08722958874075992,-0.11959462398329779,0.9330182296144073,0.03007518796992481
validation,asset_ticker,UNI-USD,1,438,160,0.365296803652968,28,23,5.714285714285714,-0.0715994768788617,-0.09478882265954114,1.2973884134737537,0.08125
validation,asset_ticker,USMV,1,297,3,0.010101010101010102,2,2,1.5,-0.05190687535053318,-0.05233482009206403,1.3633499520250554,0.3333333333333333
validation,asset_ticker,USO,1,297,41,0.13804713804713806,20,11,2.05,-0.05715835183588047,-0.06677925565974785,1.2113444229935288,0.07317073170731707
validation,asset_ticker,UUP,1,297,11,0.037037037037037035,2,2,5.5,0.01809486882129807,-0.0044489584667927184,2.679360278886866,1.0
validation,asset_ticker,VEA,1,297,2,0.006734006734006734,1,1,2.0,-0.05997606066389949,-0.06076732399006063,2.090857515386795,0.0
validation,asset_ticker,VGK,1,297,1,0.003367003367003367,1,1,1.0,-0.05188002737012776,-0.05188002737012776,1.5058344170380802,0.0
validation,asset_ticker,VLUE,1,297,18,0.06060606060606061,6,5,3.0,-0.054903944104235436,-0.06563563220907614,1.8681797122204553,0.1111111111111111
validation,asset_ticker,VNQ,1,297,20,0.06734006734006734,4,3,5.0,-0.05610242142792493,-0.06432755945060326,1.8536502785588227,0.35
validation,asset_ticker,VT,1,297,21,0.0707070707070707,3,3,7.0,-0.027611536764079125,-0.03372634610682934,2.3147421252787708,0.9047619047619048
validation,asset_ticker,VTI,1,297,26,0.08754208754208755,5,5,5.2,-0.027010500850309593,-0.03341598784391975,2.2437889361674834,0.8076923076923077
validation,asset_ticker,VTV,1,297,5,0.016835016835016835,3,2,1.6666666666666667,-0.029373741307767265,-0.0385012218642683,2.0008104515845315,0.6
validation,asset_ticker,VUG,1,297,19,0.06397306397306397,7,5,2.7142857142857144,-0.0653290114578765,-0.07138562321360042,1.800566673406463,0.10526315789473684
validation,asset_ticker,VWO,1,297,12,0.04040404040404041,7,4,1.7142857142857142,-0.025119286678934594,-0.02912627049729144,2.1121803891677864,0.8333333333333334
validation,asset_ticker,XBI,1,297,49,0.16498316498316498,13,10,3.769230769230769,-0.06282046277202635,-0.07489471977657747,1.1456333195941457,0.0
validation,asset_ticker,XLB,1,297,18,0.06060606060606061,6,5,3.0,-0.05532249223929725,-0.0596671372890773,1.5012095917477755,0.2777777777777778
validation,asset_ticker,XLC,1,297,23,0.07744107744107744,8,6,2.875,0.006426686697408535,-0.025797365104444747,2.145357154155178,0.8695652173913043
validation,asset_ticker,XLE,1,297,30,0.10101010101010101,8,8,3.75,-0.060734598429706854,-0.06797172846331867,1.102586687421781,0.0
validation,asset_ticker,XLF,1,297,18,0.06060606060606061,5,4,3.6,0.04286388260744711,-0.019075509327020013,2.3874813851140164,0.8333333333333334
validation,asset_ticker,XLI,1,297,14,0.04713804713804714,4,3,3.5,0.036652339583466365,-0.012396902463794157,2.0569081879120357,0.8571428571428571
validation,asset_ticker,XLK,1,297,36,0.12121212121212122,10,6,3.6,-0.0666832429026849,-0.07814431489217194,1.4246964894381005,0.0
validation,asset_ticker,XLM-USD,1,438,214,0.4885844748858447,39,32,5.487179487179487,-0.06628129403950739,-0.09241141730195895,1.046085254746568,0.13551401869158877
validation,asset_ticker,XLP,1,297,0,0.0,0,0,,,,,
validation,asset_ticker,XLRE,1,297,18,0.06060606060606061,4,2,4.5,-0.062321558716092795,-0.06881756721221932,1.7537924708193215,0.2777777777777778
validation,asset_ticker,XLU,1,297,20,0.06734006734006734,7,5,2.857142857142857,-0.05436197358718342,-0.05713600178805095,1.0150457910988522,0.25
validation,asset_ticker,XLV,1,297,15,0.050505050505050504,3,3,5.0,0.012012114984122357,-0.00775602011903076,2.1122834554637597,0.6
validation,asset_ticker,XLY,1,297,26,0.08754208754208755,12,8,2.1666666666666665,-0.05694969114758358,-0.06204129948473791,1.6441578958766847,0.15384615384615385
validation,asset_ticker,XRP-USD,1,438,192,0.4383561643835616,38,29,5.052631578947368,-0.06650690026053474,-0.09619267056056491,1.0011438622034343,0.13541666666666666
test,asset_ticker,ADA-USD,1,456,250,0.5482456140350878,40,37,6.25,-0.09369339877897248,-0.11949880255239032,0.9579346269468263,0.016
test,asset_ticker,AGG,1,309,4,0.012944983818770227,4,1,1.0,-0.00868763466861272,-0.01704110394573155,2.0759661148232036,1.0
test,asset_ticker,AVAX-USD,1,456,233,0.5109649122807017,35,35,6.6571428571428575,-0.09076013746392608,-0.1253275038378583,1.0160417997227416,0.0
test,asset_ticker,BCH-USD,1,456,177,0.3881578947368421,32,30,5.53125,-0.07886800353570433,-0.11324716970615167,1.1069336258180917,0.01694915254237288
test,asset_ticker,BND,1,309,4,0.012944983818770227,4,1,1.0,-0.009210971213966357,-0.01739432741185909,2.048629325375205,1.0
test,asset_ticker,BTC-USD,1,456,124,0.2719298245614035,28,23,4.428571428571429,-0.06476121410062335,-0.08537661585516065,1.300555374945523,0.056451612903225805
test,asset_ticker,CPER,1,309,56,0.18122977346278318,13,11,4.3076923076923075,-0.05942936469678084,-0.07608161141668573,2.12140228388383,0.3392857142857143
test,asset_ticker,DBA,1,309,16,0.05177993527508091,6,6,2.6666666666666665,-0.022491301231486405,-0.04534331351074383,2.388255286665939,0.75
test,asset_ticker,DIA,1,309,15,0.04854368932038835,5,4,3.0,-0.04278345401296213,-0.09417245739372415,2.415400557847101,0.2
test,asset_ticker,DOGE-USD,1,456,231,0.506578947368421,33,33,7.0,-0.08550572533014533,-0.12398401613713173,0.9713113294334486,0.03463203463203463
test,asset_ticker,DOT-USD,1,456,255,0.5592105263157895,40,36,6.375,-0.10475710709293107,-0.12712169126278894,0.9651692074710884,0.0196078431372549
test,asset_ticker,EEM,1,309,36,0.11650485436893204,7,6,5.142857142857143,-0.03792236032106877,-0.07632635869946774,2.1638591202870474,0.3611111111111111
test,asset_ticker,EFA,1,309,18,0.05825242718446602,3,3,6.0,-0.052907897741830634,-0.09745430860598764,2.171985877322312,0.05555555555555555
test,asset_ticker,EMB,1,309,32,0.10355987055016182,2,4,16.0,-0.017371277347083325,-0.025482684298755,2.6747031435509268,1.0
test,asset_ticker,ETH-USD,1,456,198,0.4342105263157895,29,30,6.827586206896552,-0.07692834102211987,-0.11184838797705171,1.1852064808943208,0.05555555555555555
test,asset_ticker,EWA,1,309,18,0.05825242718446602,7,6,2.5714285714285716,-0.05253226494178015,-0.10091368009710244,2.6530725417245664,0.05555555555555555
test,asset_ticker,EWC,1,309,22,0.07119741100323625,4,3,5.5,-0.01731961590943415,-0.05330137045388228,2.355654460100344,0.45454545454545453
test,asset_ticker,EWJ,1,309,28,0.09061488673139159,8,7,3.5,-0.05357278582135894,-0.0745397555794125,2.1376155317255936,0.2857142857142857
test,asset_ticker,EWU,1,309,13,0.042071197411003236,3,3,4.333333333333333,-0.05616123839277409,-0.11351500254508184,3.3978171899861933,0.07692307692307693
test,asset_ticker,EWZ,1,309,48,0.1553398058252427,13,9,3.6923076923076925,-0.05923752544072891,-0.075607385184016,1.4830526953154477,0.125
test,asset_ticker,FXA,1,309,15,0.04854368932038835,3,2,5.0,0.012236428509796227,-0.0479123536193079,2.4373291177609047,0.9333333333333333
test,asset_ticker,FXB,1,309,9,0.02912621359223301,3,3,3.0,0.010780673266548302,-0.014419831513374781,2.2170554765298647,1.0
test,asset_ticker,FXC,1,309,8,0.025889967637540454,2,2,4.0,0.027072346806602088,-0.0007215966460846768,2.206788182387913,1.0
test,asset_ticker,FXE,1,309,20,0.06472491909385113,3,3,6.666666666666667,0.022531934709641543,-0.00358479393740474,2.2446236210748074,1.0
test,asset_ticker,FXI,1,309,39,0.1262135922330097,9,9,4.333333333333333,-0.05687696035924694,-0.0737071101454484,1.7849911517606973,0.15384615384615385
test,asset_ticker,FXY,1,309,22,0.07119741100323625,5,4,4.4,0.01777757030954441,-0.00400069086706073,2.6078645160752396,1.0
test,asset_ticker,GLD,1,309,68,0.22006472491909385,12,11,5.666666666666667,-0.02535523504364695,-0.0534572575365857,2.3578110437493125,0.5
test,asset_ticker,HYG,1,309,37,0.11974110032362459,5,6,7.4,-0.005509701726917671,-0.011770629421636536,2.276448662066235,1.0
test,asset_ticker,IEF,1,309,0,0.0,0,0,,,,,
test,asset_ticker,IFRA,1,309,10,0.032362459546925564,2,2,5.0,-0.04925546356623661,-0.09538453106016553,2.461844697642982,0.0
test,asset_ticker,INDA,1,309,19,0.061488673139158574,11,4,1.7272727272727273,-0.05720178646881369,-0.0572554760813041,1.5353915942331344,0.2631578947368421
test,asset_ticker,IWD,1,309,16,0.05177993527508091,2,2,8.0,-0.05323666329319765,-0.09698611708859545,2.4811379661007713,0.375
test,asset_ticker,IWF,1,309,32,0.10355987055016182,7,6,4.571428571428571,-0.030624830608580622,-0.06144796422899651,2.2187235839994655,0.5
test,asset_ticker,IWM,1,309,19,0.061488673139158574,7,6,2.7142857142857144,-0.06496560987449806,-0.07819669641505544,1.8406347328246675,0.05263157894736842
test,asset_ticker,IYR,1,309,14,0.045307443365695796,4,2,3.5,-0.055743106137392306,-0.10104468381894566,2.183479421316109,0.07142857142857142
test,asset_ticker,JNK,1,309,32,0.10355987055016182,6,5,5.333333333333333,-0.00976244311762231,-0.01267641615217524,2.334267944269068,1.0
test,asset_ticker,LINK-USD,1,456,218,0.4780701754385965,33,32,6.606060606060606,-0.09356017622860857,-0.12566301749918113,1.0491645103554488,0.0
test,asset_ticker,LQD,1,309,19,0.061488673139158574,2,2,9.5,-0.020338743931544778,-0.024851315832262855,2.707114401475756,1.0
test,asset_ticker,LTC-USD,1,456,203,0.4451754385964912,36,29,5.638888888888889,-0.07970250494323472,-0.1048217174458348,1.034521239214592,0.04926108374384237
test,asset_ticker,MTUM,1,309,20,0.06472491909385113,7,6,2.857142857142857,-0.028546135956643848,-0.07358290769346848,2.046446448495124,0.3
test,asset_ticker,MUB,1,309,34,0.11003236245954692,7,6,4.857142857142857,-0.011678505515111237,-0.014173087414207142,2.354017658759548,1.0
test,asset_ticker,PALL,1,309,96,0.3106796116504854,20,16,4.8,-0.06626735634580211,-0.08338405189930798,1.1565009585808115,0.14583333333333334
test,asset_ticker,PPLT,1,309,92,0.2977346278317152,21,15,4.380952380952381,-0.06406912428773054,-0.09086263419608581,1.122073086709077,0.14130434782608695
test,asset_ticker,QQQ,1,309,36,0.11650485436893204,6,6,6.0,-0.012706279222938821,-0.05935422162294646,2.4316441258405925,0.5555555555555556
test,asset_ticker,QUAL,1,309,20,0.06472491909385113,5,5,4.0,-0.02733136853924223,-0.06264249635655661,2.216652637527129,0.45
test,asset_ticker,SHY,1,309,16,0.05177993527508091,2,2,8.0,0.004132860899845658,-0.0001816074786820665,2.256745553712518,1.0
test,asset_ticker,SIZE,1,309,15,0.04854368932038835,4,3,3.75,-0.05491916209093883,-0.11339421073266875,2.3373848617068806,0.2
test,asset_ticker,SLV,1,309,83,0.2686084142394822,14,11,5.928571428571429,-0.08760680643076457,-0.11565903764844931,1.1521756901798628,0.12048192771084337
test,asset_ticker,SOL-USD,1,456,204,0.4473684210526316,33,34,6.181818181818182,-0.09746631674007927,-0.12654848030273758,1.0679582929761962,0.0
test,asset_ticker,SPY,1,309,27,0.08737864077669903,5,5,5.4,-0.01216476485555218,-0.04181804999867045,2.5129062238327293,0.5925925925925926
test,asset_ticker,TIP,1,309,9,0.02912621359223301,2,2,4.5,-0.01713157738591886,-0.021309300173444568,2.11626657560477,1.0
test,asset_ticker,TLT,1,309,7,0.022653721682847898,1,1,7.0,-0.0352132368094672,-0.05479570055037419,2.2152590759324933,0.8571428571428571
test,asset_ticker,UNG,1,309,140,0.45307443365695793,32,25,4.375,-0.08431227640018168,-0.10378735791308719,1.0514125383262938,0.007142857142857143
test,asset_ticker,UNI-USD,1,24,11,0.4583333333333333,2,2,5.5,-0.0361445909872975,-0.07831323664140744,1.6770715860738317,0.0
test,asset_ticker,USMV,1,309,10,0.032362459546925564,1,1,10.0,-0.03866775655029997,-0.08145373299431419,3.3760831214403146,0.0
test,asset_ticker,USO,1,309,84,0.27184466019417475,18,13,4.666666666666667,-0.05906337745111667,-0.08748419349308895,1.1104443704464964,0.19047619047619047
test,asset_ticker,UUP,1,309,15,0.04854368932038835,3,3,5.0,-0.02632545560002786,-0.03146727452441733,2.364522129308998,1.0
test,asset_ticker,VEA,1,309,16,0.05177993527508091,3,2,5.333333333333333,-0.058171950150633256,-0.1003298412721007,2.1788740139089966,0.0
test,asset_ticker,VGK,1,309,21,0.06796116504854369,5,4,4.2,-0.0541960370303165,-0.0888321483360004,2.0184012818498727,0.09523809523809523
test,asset_ticker,VLUE,1,309,17,0.05501618122977346,3,4,5.666666666666667,-0.0656153764679257,-0.10387051570101735,2.2976098156562803,0.29411764705882354
test,asset_ticker,VNQ,1,309,15,0.04854368932038835,5,3,3.0,-0.057212146849267786,-0.0963099445801825,2.105904222784788,0.13333333333333333
test,asset_ticker,VT,1,309,22,0.07119741100323625,4,4,5.5,-0.021770285139042722,-0.05458729473795432,2.549307037227279,0.45454545454545453
test,asset_ticker,VTI,1,309,26,0.08414239482200647,5,5,5.2,-0.011423845332837246,-0.04110980640427819,2.4570831120587227,0.5769230769230769
test,asset_ticker,VTV,1,309,11,0.03559870550161812,2,2,5.5,-0.05401569570455089,-0.10833227370556142,3.10173089258074,0.09090909090909091
test,asset_ticker,VUG,1,309,36,0.11650485436893204,6,7,6.0,-0.028317107622036652,-0.060142715995815776,2.278334798699105,0.5
test,asset_ticker,VWO,1,309,27,0.08737864077669903,4,4,6.75,-0.041841032037235104,-0.06936605983109767,2.754730276695358,0.4074074074074074
test,asset_ticker,XBI,1,309,27,0.08737864077669903,9,8,3.0,-0.061916352658271445,-0.08538926499232635,1.5362552274479075,0.07407407407407407
test,asset_ticker,XLB,1,309,23,0.0744336569579288,6,6,3.8333333333333335,-0.06264150335486318,-0.07624417729971156,1.2044017688320299,0.0
test,asset_ticker,XLC,1,309,19,0.061488673139158574,5,3,3.8,-0.050224636398778055,-0.0691667378055415,2.1420195380879603,0.3157894736842105
test,asset_ticker,XLE,1,309,26,0.08414239482200647,6,6,4.333333333333333,-0.08100564201245614,-0.0876100753480788,1.7686906622600762,0.0
test,asset_ticker,XLF,1,309,21,0.06796116504854369,6,5,3.5,-0.05220021973166189,-0.06990467357954899,2.204628507691991,0.23809523809523808
test,asset_ticker,XLI,1,309,18,0.05825242718446602,4,5,4.5,-0.057787198283351326,-0.09255901466666805,2.178857085765519,0.05555555555555555
test,asset_ticker,XLK,1,309,45,0.14563106796116504,9,8,5.0,-0.0344992142354108,-0.07653029289812374,2.0528334295426727,0.26666666666666666
test,asset_ticker,XLM-USD,1,456,269,0.5899122807017544,42,37,6.404761904761905,-0.07864307460163633,-0.09908491151022969,0.905350366727935,0.09293680297397769
test,asset_ticker,XLP,1,309,17,0.05501618122977346,7,3,2.4285714285714284,-0.0018288322723057915,-0.050491349711984324,2.0958372541571353,0.7058823529411765
test,asset_ticker,XLRE,1,309,14,0.045307443365695796,5,3,2.8,-0.05433723892201675,-0.09711770063267439,2.1477053297048614,0.14285714285714285
test,asset_ticker,XLU,1,309,12,0.038834951456310676,6,5,2.0,-0.02362667843843519,-0.05936063499554739,2.0576825784831567,0.3333333333333333
test,asset_ticker,XLV,1,309,21,0.06796116504854369,8,5,2.625,-0.05320209723001712,-0.07091461638931462,2.4829283805417117,0.19047619047619047
test,asset_ticker,XLY,1,309,25,0.08090614886731391,8,6,3.125,-0.05557852158995269,-0.07169845696132948,1.2676482832264115,0.0
test,asset_ticker,XRP-USD,1,456,220,0.4824561403508772,37,34,5.945945945945946,-0.07174741124445772,-0.10116682971944208,0.9247194062976902,0.08636363636363636
