model,identity_variant,seed,aggregation,calibration_method,threshold,status,n_obs,positives,prevalence,roc_auc,pr_auc,f1,balanced_accuracy,brier_score,log_loss,prediction_positive_rate,degenerate_prediction,per_asset_macro_roc_auc,pair_weighted_within_asset_roc_auc,eligible_assets,within_asset_estimate,within_asset_ci_lower,within_asset_ci_upper,within_asset_valid_draw_fraction
mlp,asset_conditioned,7,pooled,isotonic,0.23,completed,21514,3471,0.16133680394161942,0.7276497581651873,0.2861812086866426,0.4174436090225564,0.7044350005260489,0.12462951621907573,0.39967080593358645,0.4568652970158966,False,0.5792180519606848,0.544076171133308,74.0,,,,
mlp,asset_conditioned,7,equal_asset,isotonic,0.23,completed,21514,3471,0.13288843541753018,0.7174511997588917,0.24377351636897351,0.364803500245675,0.6938904252687319,0.1115753067150921,0.36937793047388645,0.41291024455568665,False,,,,,,,
mlp,asset_conditioned,7,equal_date,isotonic,0.23,completed,21514,3471,0.2600330538107536,0.7102975927419919,0.386237198417403,0.5347349455525456,0.692344933157091,0.16976256684863153,0.5043369181642334,0.6130073653668335,False,,,,,,,
mlp,asset_conditioned,7,equal_family,isotonic,0.23,completed,21514,3471,0.1464612135695259,0.7403080947100442,0.2864844949630369,0.41485858501837464,0.7146186096216987,0.11369552040513387,0.3708605916239612,0.38181847637389205,False,,,,,,,
mlp,asset_conditioned,42,pooled,isotonic,0.21,completed,21514,3471,0.16133680394161942,0.6496080787704356,0.22780764395372033,0.33900582176444244,0.6149793126005383,0.13699973204073967,0.4379395143776392,0.46142047039137307,False,0.5927674267795234,0.5291764625565886,74.0,,,,
mlp,asset_conditioned,42,equal_asset,isotonic,0.21,completed,21514,3471,0.13288843541753018,0.6468529976726336,0.1905641765065724,0.2947721889219607,0.6126388902017917,0.12311676033843508,0.40478777721047215,0.43956394477569105,False,,,,,,,
mlp,asset_conditioned,42,equal_date,isotonic,0.21,completed,21514,3471,0.2600330538107536,0.6100068858976841,0.318901742601206,0.4254305619042666,0.5806490141703905,0.189257908229641,0.5671340484398701,0.5130567866594394,False,,,,,,,
mlp,asset_conditioned,42,equal_family,isotonic,0.21,completed,21514,3471,0.1464612135695259,0.650750267492169,0.21412651377501887,0.3228227587504883,0.6208155479505033,0.12917854745991944,0.42033494652741626,0.4391841379303596,False,,,,,,,
mlp,asset_conditioned,123,pooled,isotonic,0.23,completed,21514,3471,0.16133680394161942,0.7700640805688859,0.35823378127047173,0.4579172610556348,0.726459373844802,0.11940987405786153,0.381407903791801,0.359998140745561,False,0.5410304937319221,0.5435584645733685,74.0,,,,
mlp,asset_conditioned,123,equal_asset,isotonic,0.23,completed,21514,3471,0.13288843541753018,0.7574728511221847,0.3144402928784154,0.40799878494223724,0.7134357789154357,0.10684986708184836,0.35112979474071204,0.3104847112839971,False,,,,,,,
mlp,asset_conditioned,123,equal_date,isotonic,0.23,completed,21514,3471,0.2600330538107536,0.7526211171120866,0.438118412937613,0.5596001949616562,0.7165881773023974,0.16155794922981348,0.48273109981879214,0.5358782641966648,False,,,,,,,
mlp,asset_conditioned,123,equal_family,isotonic,0.23,completed,21514,3471,0.1464612135695259,0.7814551159477143,0.365808916402119,0.46568243331613285,0.7380880819560336,0.10699017800489934,0.3485797102004691,0.294335837546165,False,,,,,,,
mlp,asset_conditioned,ensemble,pooled,isotonic,0.24,completed,21514,3471,0.16133680394161942,0.7964776612507657,0.4062604603686256,0.4963620053822386,0.7458447123650784,0.11289154889440783,0.3653294341645679,0.30501069071302406,False,0.6082100146334711,0.5569669222487239,74.0,0.5569669222487239,0.5048314893963152,0.6008237040102657,1.0
mlp,asset_conditioned,ensemble,equal_asset,isotonic,0.24,completed,21514,3471,0.1328884354175302,0.7841154599497668,0.3679685906661856,0.45267679539859107,0.732466655180499,0.10016579747948713,0.33480874484862716,0.2514296463986226,False,,,,,,,
mlp,asset_conditioned,ensemble,equal_date,isotonic,0.24,completed,21514,3471,0.2600330538107536,0.7727013596943254,0.46767100652604454,0.5699075371252053,0.7236054622138767,0.1574177275928662,0.4725921883311867,0.47964427297558687,False,,,,,,,
mlp,asset_conditioned,ensemble,equal_family,isotonic,0.24,completed,21514,3471,0.1464612135695259,0.7985772037649996,0.3982653440459412,0.5049392141774823,0.7491423688830816,0.10192193663573658,0.3370046593666989,0.23878989076973964,False,,,,,,,
mlp,no_explicit_asset_id,7,pooled,isotonic,0.15,completed,21514,3471,0.16133680394161942,0.5283088737741699,0.17201739099981708,0.2810100595360296,0.5090419421717252,0.13582325163542738,0.4445204259237137,0.9707167425862229,True,0.6358858377587675,0.5507039529171485,74.0,,,,
mlp,no_explicit_asset_id,7,equal_asset,isotonic,0.15,completed,21514,3471,0.13288843541753018,0.5377686606933381,0.14599898685921084,0.23700406070111896,0.5078413609860757,0.11811921833199124,0.40311731395492245,0.9690011797340816,True,,,,,,,
mlp,no_explicit_asset_id,7,equal_date,isotonic,0.15,completed,21514,3471,0.2600330538107536,0.5057469751124508,0.26276053815893,0.4173406943257961,0.5110682063385442,0.19739011917870433,0.5886566006555873,0.9735038102222363,True,,,,,,,
mlp,no_explicit_asset_id,7,equal_family,isotonic,0.15,completed,21514,3471,0.1464612135695259,0.5198595310441141,0.15475473672152595,0.25656584447138564,0.5048540508583924,0.12686372786949165,0.42482925677433575,0.9668048103589667,True,,,,,,,
mlp,no_explicit_asset_id,42,pooled,platt,0.0,completed,21514,3471,0.16133680394161942,0.498961147154259,0.1610358775333827,0.27784670802481487,0.5,0.13580546173663063,0.4432216628087348,1.0,True,0.5292273227486626,0.5100782106695908,74.0,,,,
mlp,no_explicit_asset_id,42,equal_asset,platt,0.0,completed,21514,3471,0.13288843541753018,0.5021757532636866,0.13340614831744524,0.23460109797756223,0.5,0.11688155334730024,0.39744442602442487,1.0,True,,,,,,,
mlp,no_explicit_asset_id,42,equal_date,platt,0.0,completed,21514,3471,0.2600330538107536,0.47157208693280483,0.24851694074894717,0.41274005157945887,0.5,0.20047979729195203,0.5988568613341269,1.0,True,,,,,,,
mlp,no_explicit_asset_id,42,equal_family,platt,0.0,completed,21514,3471,0.1464612135695259,0.49873709461580895,0.14608321246028197,0.2555013843225328,0.5,0.12600930901821808,0.41956305973026603,1.0,True,,,,,,,
mlp,no_explicit_asset_id,123,pooled,platt,0.0,completed,21514,3471,0.16133680394161942,0.49010681499953385,0.1586908901897686,0.27784670802481487,0.5,0.13751974434878347,0.44732168560569774,1.0,True,0.5151712884047471,0.49842412398787656,74.0,,,,
mlp,no_explicit_asset_id,123,equal_asset,platt,0.0,completed,21514,3471,0.13288843541753018,0.4944436875543836,0.13164008492563856,0.23460109797756223,0.5,0.11951303950277649,0.40376454501807846,1.0,True,,,,,,,
mlp,no_explicit_asset_id,123,equal_date,platt,0.0,completed,21514,3471,0.2600330538107536,0.4572662049556399,0.24368850011236134,0.41274005157945887,0.5,0.19550640376524736,0.5877056656114247,1.0,True,,,,,,,
mlp,no_explicit_asset_id,123,equal_family,platt,0.0,completed,21514,3471,0.1464612135695259,0.49376712665730577,0.14493392136143882,0.2555013843225328,0.5,0.12838332700560384,0.42524283500075083,1.0,True,,,,,,,
mlp,no_explicit_asset_id,ensemble,pooled,isotonic,0.15,completed,21514,3471,0.16133680394161942,0.5249794845703994,0.17034501428367513,0.28081290110251766,0.5087985257791844,0.13575251502124377,0.4439979794660551,0.9685321186204332,True,0.6224788387179576,0.5446863252932367,74.0,0.5446863252932367,0.4768432044434716,0.6048465883982393,1.0
mlp,no_explicit_asset_id,ensemble,equal_asset,isotonic,0.15,completed,21514,3471,0.1328884354175302,0.5331585639731569,0.1437496399174725,0.23690438638808212,0.5077357036705589,0.11800644993579866,0.40198915051252565,0.9668839077894334,True,,,,,,,
mlp,no_explicit_asset_id,ensemble,equal_date,isotonic,0.15,completed,21514,3471,0.2600330538107536,0.5016809564107181,0.26095402831531334,0.41614125761115295,0.5096607126059035,0.19763727129323982,0.5934156391240194,0.9696909309271009,True,,,,,,,
mlp,no_explicit_asset_id,ensemble,equal_family,isotonic,0.15,completed,21514,3471,0.1464612135695259,0.5154718758650728,0.15255602019469028,0.2564592847859532,0.5047896279708195,0.12673108583106463,0.4229909093439179,0.9644348782339964,True,,,,,,,
lstm,asset_conditioned,7,pooled,isotonic,0.16,completed,21514,3471,0.16133680394161942,0.6376434233831076,0.26894211992618466,0.3092475176456514,0.5769102310778345,0.13256195766136153,0.43411181655958314,0.6157385888258808,False,0.5487470370983556,0.4896565358319786,74.0,,,,
lstm,asset_conditioned,7,equal_asset,isotonic,0.16,completed,21514,3471,0.13288843541753018,0.615693200545248,0.22646214274732543,0.256899099168155,0.5627159734299246,0.11699561171552429,0.39674898498191574,0.58934821286229,False,,,,,,,
lstm,asset_conditioned,7,equal_date,isotonic,0.16,completed,21514,3471,0.2600330538107536,0.6186013315258083,0.3410847687478673,0.4361075501723588,0.5707960147925727,0.18987553526197856,0.5769063531258195,0.7016946720658099,False,,,,,,,
lstm,asset_conditioned,7,equal_family,isotonic,0.16,completed,21514,3471,0.1464612135695259,0.5815370576350561,0.20676014878547222,0.26359980146667944,0.5417532010661873,0.13181364140791427,0.4328615177277108,0.6046123504958518,False,,,,,,,
lstm,asset_conditioned,42,pooled,isotonic,0.16,completed,21514,3471,0.16133680394161942,0.6344966783071262,0.23363348529296962,0.2950398582816652,0.5425996251184768,0.13494568350807765,0.45238721552232647,0.8882123268569304,False,0.5983225564115299,0.5371660686018083,74.0,,,,
lstm,asset_conditioned,42,equal_asset,isotonic,0.16,completed,21514,3471,0.13288843541753018,0.6262256321212704,0.19272408317881837,0.24978429327807786,0.5414692043857297,0.1180247331826847,0.4101838000848108,0.880383891847081,False,,,,,,,
lstm,asset_conditioned,42,equal_date,isotonic,0.16,completed,21514,3471,0.2600330538107536,0.6309242262921223,0.3451389231823652,0.42954287616431824,0.5376997674273669,0.19462778167457173,0.6264797403285616,0.9133480002975904,False,,,,,,,
lstm,asset_conditioned,42,equal_family,isotonic,0.16,completed,21514,3471,0.1464612135695259,0.6092249079734374,0.2037022569178773,0.2675250032462342,0.5328623233495944,0.1268311769266267,0.43381373213572155,0.8957411447354772,False,,,,,,,
lstm,asset_conditioned,123,pooled,isotonic,0.2,completed,21514,3471,0.16133680394161942,0.6917228271212854,0.33314862745149304,0.38128125744224817,0.6384564719771438,0.12543035510874925,0.40969457497556594,0.22901366552012642,False,0.5707961484861568,0.5277925930982889,74.0,,,,
lstm,asset_conditioned,123,equal_asset,isotonic,0.2,completed,21514,3471,0.13288843541753018,0.6930408050268793,0.30069666865425165,0.35368573386357904,0.6413068135457127,0.10784377661376349,0.36441703737153336,0.20623499027516504,False,,,,,,,
lstm,asset_conditioned,123,equal_date,isotonic,0.2,completed,21514,3471,0.2600330538107536,0.6867754093514988,0.43474587458960234,0.4674876155167041,0.6356569481447114,0.18171592294254543,0.5527677689531032,0.32621773002157534,False,,,,,,,
lstm,asset_conditioned,123,equal_family,isotonic,0.2,completed,21514,3471,0.1464612135695259,0.7337925953396957,0.34474887405856036,0.40422791800652436,0.6657305359804925,0.11302989455659622,0.37526074613602695,0.21264361743769802,False,,,,,,,
lstm,asset_conditioned,ensemble,pooled,isotonic,0.19,completed,21514,3471,0.16133680394161942,0.6928695962443059,0.3113218279138799,0.3442976156276932,0.6220450703785458,0.1286198500587207,0.41830678952284955,0.4858696662638282,False,0.5733968521377139,0.5183437372440091,74.0,0.5183437372440091,0.4599873338215332,0.5741687451367772,1.0
lstm,asset_conditioned,ensemble,equal_asset,isotonic,0.19,completed,21514,3471,0.1328884354175302,0.6756845999632274,0.2673103693305431,0.29066053059013164,0.6081664427960467,0.11413209280384737,0.3847096462622918,0.4513107802187291,False,,,,,,,
lstm,asset_conditioned,ensemble,equal_date,isotonic,0.19,completed,21514,3471,0.2600330538107536,0.6842382582239412,0.3974633315468292,0.47276560710406457,0.6219563615446188,0.17909739611764333,0.5350987612250023,0.614567058848537,False,,,,,,,
lstm,asset_conditioned,ensemble,equal_family,isotonic,0.19,completed,21514,3471,0.1464612135695259,0.6471221642869294,0.24936946534136972,0.29529815997660264,0.5887940030884574,0.12769344285355586,0.4177259400471098,0.4844578364540581,False,,,,,,,
lstm,no_explicit_asset_id,7,pooled,isotonic,0.21,completed,21514,3471,0.16133680394161942,0.7759670777832136,0.3912516522819963,0.39243148609521245,0.6851575383643284,0.1255324346114513,0.4115608447566888,0.5289578878869573,False,0.6020493480955872,0.48680914975231154,74.0,,,,
lstm,no_explicit_asset_id,7,equal_asset,isotonic,0.21,completed,21514,3471,0.13288843541753018,0.7586786557470654,0.3511129921852857,0.3378809673833697,0.6737729939617336,0.11316053371660137,0.3837037539096357,0.48810470937091477,False,,,,,,,
lstm,no_explicit_asset_id,7,equal_date,isotonic,0.21,completed,21514,3471,0.2600330538107536,0.7606895751756539,0.45417217450348224,0.518354285714236,0.6736374939170324,0.16806504409340986,0.5075411558948063,0.6699375059783821,False,,,,,,,
lstm,no_explicit_asset_id,7,equal_family,isotonic,0.21,completed,21514,3471,0.1464612135695259,0.740137830470928,0.3404023563893408,0.3503710368046933,0.6628042625886783,0.12306394905960549,0.4081228047121636,0.5238262336599868,False,,,,,,,
lstm,no_explicit_asset_id,42,pooled,isotonic,0.23,completed,21514,3471,0.16133680394161942,0.7534120808396306,0.3735137406192988,0.39348710990502034,0.6813467533056256,0.12900288854595515,0.4179009743327269,0.4895416937807939,False,0.5537708905913786,0.47560450063362164,74.0,,,,
lstm,no_explicit_asset_id,42,equal_asset,isotonic,0.23,completed,21514,3471,0.13288843541753018,0.729211515884322,0.32742633852611425,0.33591515131974586,0.6645193865088757,0.11751515566305054,0.3918818935269958,0.44469929534802155,False,,,,,,,
lstm,no_explicit_asset_id,42,equal_date,isotonic,0.23,completed,21514,3471,0.2600330538107536,0.7499061446838795,0.44437446783679985,0.5199814969873461,0.6756060876630952,0.16836855763544703,0.507281588622692,0.6475278725462063,False,,,,,,,
lstm,no_explicit_asset_id,42,equal_family,isotonic,0.23,completed,21514,3471,0.1464612135695259,0.7226022157697761,0.33127639676795034,0.3515508315427742,0.6590130592668186,0.12638446222084584,0.4137282646066806,0.47800271363117713,False,,,,,,,
lstm,no_explicit_asset_id,123,pooled,isotonic,0.22,completed,21514,3471,0.16133680394161942,0.712551211530865,0.34226022195280814,0.3711392405063291,0.6290689294643022,0.12468834892261985,0.4090000556949204,0.20586594775495026,False,0.5168292121928072,0.4826390518574145,74.0,,,,
lstm,no_explicit_asset_id,123,equal_asset,isotonic,0.22,completed,21514,3471,0.13288843541753018,0.7036457865393773,0.29957299355249434,0.33762007304709213,0.6245303334256511,0.10738353068537713,0.36374711502980156,0.1744391799253898,False,,,,,,,
lstm,no_explicit_asset_id,123,equal_date,isotonic,0.22,completed,21514,3471,0.2600330538107536,0.6984700822513922,0.44639850475820586,0.44135257454908494,0.6158445157106921,0.18213153545598493,0.557923249807647,0.3252930735792707,False,,,,,,,
lstm,no_explicit_asset_id,123,equal_family,isotonic,0.22,completed,21514,3471,0.1464612135695259,0.7105364210559131,0.3105499286267359,0.3520378151031076,0.6275660245442775,0.11681668901215757,0.38964810359608193,0.20685639234820594,False,,,,,,,
lstm,no_explicit_asset_id,ensemble,pooled,isotonic,0.23,completed,21514,3471,0.16133680394161942,0.7778896433474418,0.3939919832493344,0.47347871631273214,0.7321886447741848,0.11738160362125412,0.3811056781178531,0.32676396764897275,False,0.5623591747225333,0.4806948077161034,74.0,0.4806948077161034,0.3920204987284817,0.5595985653676218,1.0
lstm,no_explicit_asset_id,ensemble,equal_asset,isotonic,0.23,completed,21514,3471,0.1328884354175302,0.7635289123542276,0.3524783596895499,0.42421865333850867,0.716239070348372,0.10350753272809445,0.3485872717689563,0.27325102828173325,False,,,,,,,
lstm,no_explicit_asset_id,ensemble,equal_date,isotonic,0.23,completed,21514,3471,0.2600330538107536,0.7590659167800737,0.46664913291878873,0.5639774756590263,0.7200172080143429,0.16430700309030716,0.4913514590258921,0.516641158902741,False,,,,,,,
lstm,no_explicit_asset_id,ensemble,equal_family,isotonic,0.23,completed,21514,3471,0.1464612135695259,0.7622248922184303,0.34808796472548786,0.42258600601920376,0.7098264922023458,0.11331183306344834,0.37212027452004554,0.3318545907632809,False,,,,,,,
tcn,asset_conditioned,7,pooled,isotonic,0.19,completed,21514,3471,0.16133680394161942,0.7140770887715608,0.33136737349987316,0.37086776859504134,0.6522782022708229,0.13157693914420382,0.43910475208148314,0.46857859998140744,False,0.5656288054465208,0.553517204498358,74.0,,,,
tcn,asset_conditioned,7,equal_asset,isotonic,0.19,completed,21514,3471,0.13288843541753018,0.717126879613434,0.30279999338224556,0.32585336489976535,0.6516320748088476,0.11726454080647288,0.4032565004408084,0.44256187226987215,False,,,,,,,
tcn,asset_conditioned,7,equal_date,isotonic,0.19,completed,21514,3471,0.2600330538107536,0.6765552241318619,0.4061829695117929,0.47207394614954773,0.6250514574476793,0.18088232057148243,0.5525816698009679,0.5523254578112212,False,,,,,,,
tcn,asset_conditioned,7,equal_family,isotonic,0.19,completed,21514,3471,0.1464612135695259,0.7582347914249732,0.34717459184850785,0.3901741510977971,0.6963034144901858,0.1191786401643492,0.40950535889493206,0.42173479710885253,False,,,,,,,
tcn,asset_conditioned,42,pooled,isotonic,0.22,completed,21514,3471,0.16133680394161942,0.6939492779605071,0.337673809256036,0.4034032565644712,0.6434502005061599,0.1220907787771412,0.400698583782851,0.15552663381983825,False,0.46436940540816013,0.503650257928804,74.0,,,,
tcn,asset_conditioned,42,equal_asset,isotonic,0.22,completed,21514,3471,0.13288843541753018,0.6838639325999275,0.30205086653787183,0.3693855769484294,0.6342989268068304,0.10458925043725924,0.35601943281346554,0.1236720976947358,False,,,,,,,
tcn,asset_conditioned,42,equal_date,isotonic,0.22,completed,21514,3471,0.2600330538107536,0.6963053609028844,0.4244410944880528,0.48471475645671236,0.650595402055499,0.17897388302145312,0.5436344096674675,0.28666741064311446,False,,,,,,,
tcn,asset_conditioned,42,equal_family,isotonic,0.22,completed,21514,3471,0.1464612135695259,0.7127607482578235,0.33925538156801877,0.4042670238467141,0.6478631414054971,0.11132815948521822,0.3714232418529659,0.1322761934399214,False,,,,,,,
tcn,asset_conditioned,123,pooled,isotonic,0.21,completed,21514,3471,0.16133680394161942,0.7179361994370087,0.3329648408871708,0.4030410542321338,0.6642755910114723,0.12263327364573304,0.39997676073165955,0.2972018220693502,False,0.53531270923087,0.4713504887633498,74.0,,,,
tcn,asset_conditioned,123,equal_asset,isotonic,0.21,completed,21514,3471,0.13288843541753018,0.7013407488902855,0.28689775541249957,0.3486333849761358,0.6467124691448423,0.10703706704879917,0.36170039695921924,0.2569844721487103,False,,,,,,,
tcn,asset_conditioned,123,equal_date,isotonic,0.21,completed,21514,3471,0.2600330538107536,0.7060523460188904,0.4133076680539989,0.49614420854290275,0.6544483217874189,0.17887796597383576,0.5384770957657189,0.4239071517393106,False,,,,,,,
tcn,asset_conditioned,123,equal_family,isotonic,0.21,completed,21514,3471,0.1464612135695259,0.7143452318809961,0.31737041955925066,0.38101072778752226,0.654309129122127,0.11377792473537685,0.3781634949298846,0.24245722434576336,False,,,,,,,
tcn,asset_conditioned,ensemble,pooled,isotonic,0.23,completed,21514,3471,0.16133680394161942,0.7758812365600644,0.38197013060021556,0.4498094027954257,0.7164876607313433,0.12168778839916713,0.38693690115598695,0.35079483127265965,False,0.5776566751388287,0.5474533530744516,74.0,0.5474533530744516,0.4921661452227869,0.5990244308095809,1.0
tcn,asset_conditioned,ensemble,equal_asset,isotonic,0.23,completed,21514,3471,0.1328884354175302,0.7696023648483458,0.34117018335630134,0.40114687549423694,0.7059375856683279,0.10915886766776943,0.35618457006931215,0.30739623122787996,False,,,,,,,
tcn,asset_conditioned,ensemble,equal_date,isotonic,0.23,completed,21514,3471,0.2600330538107536,0.7541013231645661,0.4742178773818407,0.5509984147731529,0.7064233697927714,0.1639656167708121,0.49036414332802314,0.5042858357512567,False,,,,,,,
tcn,asset_conditioned,ensemble,equal_family,isotonic,0.23,completed,21514,3471,0.1464612135695259,0.805069912680556,0.38667204226843777,0.45555678264992044,0.7294257939616968,0.1084493753399038,0.35065793007547885,0.2951465835451981,False,,,,,,,
tcn,no_explicit_asset_id,7,pooled,isotonic,0.21,completed,21514,3471,0.16133680394161942,0.7134656856177294,0.35458105466514195,0.3315970166923168,0.6091336466569913,0.1407486535320073,0.45145194809188616,0.6239193083573487,False,0.6165239974902731,0.5494189312772987,74.0,,,,
tcn,no_explicit_asset_id,7,equal_asset,isotonic,0.21,completed,21514,3471,0.13288843541753018,0.6877783048958113,0.30522464801779947,0.2785191410635124,0.596798049069745,0.1304216965915109,0.42822793319348074,0.5967410005420399,False,,,,,,,
tcn,no_explicit_asset_id,7,equal_date,isotonic,0.21,completed,21514,3471,0.2600330538107536,0.693753472129083,0.4266561757699929,0.4530842890546307,0.5926362976720349,0.17986620331839037,0.5413633873601198,0.6944887287568154,False,,,,,,,
tcn,no_explicit_asset_id,7,equal_family,isotonic,0.21,completed,21514,3471,0.1464612135695259,0.650169410680658,0.29306207742983686,0.2799659732496798,0.5661882162698675,0.14162514821289454,0.4557618450045298,0.6102992504976132,False,,,,,,,
tcn,no_explicit_asset_id,42,pooled,isotonic,0.2,completed,21514,3471,0.16133680394161942,0.6929586708840638,0.3124833851382807,0.3064590719901341,0.5690869995527347,0.1390089307294816,0.4565621700305481,0.7432369619782467,False,0.532466045731377,0.5220174626405025,74.0,,,,
tcn,no_explicit_asset_id,42,equal_asset,isotonic,0.2,completed,21514,3471,0.13288843541753018,0.6786611755090234,0.26982419834650395,0.25879021179867673,0.5636021405060528,0.12685352228216834,0.42782027764902264,0.7263782163696075,False,,,,,,,
tcn,no_explicit_asset_id,42,equal_date,isotonic,0.2,completed,21514,3471,0.2600330538107536,0.6578209092963716,0.39897584364595196,0.42196797750354614,0.5439547857609252,0.18518926201355504,0.5707643030343906,0.7736664222172623,False,,,,,,,
tcn,no_explicit_asset_id,42,equal_family,isotonic,0.2,completed,21514,3471,0.1464612135695259,0.6820423211835593,0.29259757032207206,0.27472137391177404,0.5529611731080333,0.13407701796037622,0.4476678953920962,0.7556294396199937,False,,,,,,,
tcn,no_explicit_asset_id,123,pooled,isotonic,0.21,completed,21514,3471,0.16133680394161942,0.7165893975902152,0.35518684498917613,0.44579728719427536,0.6951912692067141,0.12169916107625843,0.4296783083701259,0.27386817886027703,False,0.4493715114865048,0.4528183006424397,74.0,,,,
tcn,no_explicit_asset_id,123,equal_asset,isotonic,0.21,completed,21514,3471,0.13288843541753018,0.6810861889883645,0.30859252132101045,0.3849331693973215,0.668098043033335,0.1069863335410273,0.38516558733244555,0.22093651755253,False,,,,,,,
tcn,no_explicit_asset_id,123,equal_date,isotonic,0.21,completed,21514,3471,0.2600330538107536,0.7375632865329284,0.4302453928052714,0.5530653556968933,0.7072210025022161,0.17128185417159192,0.5790201601648342,0.47501567664657923,False,,,,,,,
tcn,no_explicit_asset_id,123,equal_family,isotonic,0.21,completed,21514,3471,0.1464612135695259,0.6638075885437119,0.31046954064008736,0.3702024643118849,0.6491237880067913,0.11813814002120542,0.41786455773770154,0.2632989353915047,False,,,,,,,
tcn,no_explicit_asset_id,ensemble,pooled,isotonic,0.21,completed,21514,3471,0.16133680394161942,0.7326212759164129,0.3645965288738479,0.42333422531442333,0.6931042864038759,0.12718036385233483,0.4329330560069828,0.3597657339406898,False,0.4982519156316431,0.4710105660495434,74.0,0.4710105660495434,0.402088673278164,0.5322095149246656,1.0
tcn,no_explicit_asset_id,ensemble,equal_asset,isotonic,0.21,completed,21514,3471,0.1328884354175302,0.7015904022889313,0.31847929604512876,0.360275722458389,0.6668391556596279,0.11445421355218084,0.3974375115464155,0.3071193444504671,False,,,,,,,
tcn,no_explicit_asset_id,ensemble,equal_date,isotonic,0.21,completed,21514,3471,0.2600330538107536,0.7298032735262355,0.4283583441034508,0.5384754021760403,0.6947476679284114,0.17253017365163076,0.5512079934100854,0.5360748865435916,False,,,,,,,
tcn,no_explicit_asset_id,ensemble,equal_family,isotonic,0.21,completed,21514,3471,0.1464612135695259,0.6793532212772855,0.31854376648109073,0.3556429641505587,0.6477293350836364,0.12626660814632654,0.4283294076449001,0.3473004306776348,False,,,,,,,
transformer_encoder,asset_conditioned,7,pooled,isotonic,0.26,completed,21514,3471,0.16133680394161942,0.7070763585942369,0.35839629225612796,0.4280961182994455,0.6696585191114801,0.12439678505958053,0.42773729499493607,0.21585944036441387,False,0.5317026605462427,0.4746572683014247,74.0,,,,
transformer_encoder,asset_conditioned,7,equal_asset,isotonic,0.26,completed,21514,3471,0.13288843541753018,0.6857299484812396,0.31498669952446573,0.3777309158662885,0.650048655352796,0.10965614562357369,0.3909055920947725,0.16938928036221024,False,,,,,,,
transformer_encoder,asset_conditioned,7,equal_date,isotonic,0.26,completed,21514,3471,0.2600330538107536,0.7156113260928849,0.4448720244262343,0.53093467658108,0.6850913227262537,0.17205650272999165,0.5458006751206553,0.4046036199768304,False,,,,,,,
transformer_encoder,asset_conditioned,7,equal_family,isotonic,0.26,completed,21514,3471,0.1464612135695259,0.6899699138297929,0.3344534389437888,0.39943004068305354,0.6516077087789464,0.11491975609196325,0.40295689733970863,0.16251521952718426,False,,,,,,,
transformer_encoder,asset_conditioned,42,pooled,isotonic,0.22,completed,21514,3471,0.16133680394161942,0.7560033169585132,0.36725287213257374,0.4687761944677284,0.7159398161691684,0.11771298056552225,0.3851159561473109,0.28228130519661615,False,0.5301644108546903,0.5244623460925244,74.0,,,,
transformer_encoder,asset_conditioned,42,equal_asset,isotonic,0.22,completed,21514,3471,0.13288843541753018,0.7391736051697814,0.31535026595417043,0.4192829139867217,0.698873970543539,0.10416670099699125,0.3526553985415789,0.23416943532187606,False,,,,,,,
transformer_encoder,asset_conditioned,42,equal_date,isotonic,0.22,completed,21514,3471,0.2600330538107536,0.7506066399337978,0.481615175506807,0.5590184195243518,0.7118289403450878,0.16315600536835523,0.4946689054728816,0.45372732200363486,False,,,,,,,
transformer_encoder,asset_conditioned,42,equal_family,isotonic,0.22,completed,21514,3471,0.1464612135695259,0.7513395930354878,0.36212846639553686,0.4701383789558393,0.7193625616139006,0.107949310997021,0.36389762523855085,0.23041551192999557,False,,,,,,,
transformer_encoder,asset_conditioned,123,pooled,isotonic,0.25,completed,21514,3471,0.16133680394161942,0.7790503680562197,0.3929409711025289,0.5535796766743649,0.767918816429646,0.10742359047781411,0.3522179595644044,0.24119178209537975,False,0.5305537390588003,0.477432829707254,74.0,,,,
transformer_encoder,asset_conditioned,123,equal_asset,isotonic,0.25,completed,21514,3471,0.13288843541753018,0.7593705749902123,0.3576821714686948,0.5170325611177705,0.7447050753048519,0.0938739479805079,0.31976249774592547,0.175442527819405,False,,,,,,,
transformer_encoder,asset_conditioned,123,equal_date,isotonic,0.25,completed,21514,3471,0.2600330538107536,0.756424355051241,0.4462833104807793,0.6038002021538506,0.755211017908729,0.1559587877345189,0.46910922988502557,0.47075906854148725,False,,,,,,,
transformer_encoder,asset_conditioned,123,equal_family,isotonic,0.25,completed,21514,3471,0.1464612135695259,0.7731717544026329,0.3740613278321579,0.530674985509085,0.751107051510141,0.10099432603498064,0.3362737197234402,0.20122010846695984,False,,,,,,,
transformer_encoder,asset_conditioned,ensemble,pooled,isotonic,0.23,completed,21514,3471,0.16133680394161942,0.7898135576855014,0.4210563424653586,0.5114204916249728,0.7452197687802146,0.11091954709217543,0.36054808768964586,0.2660128288556289,False,0.5387429250648953,0.49163847014866996,74.0,0.49163847014866996,0.4295053421007465,0.5532393250629162,1.0
transformer_encoder,asset_conditioned,ensemble,equal_asset,isotonic,0.23,completed,21514,3471,0.1328884354175302,0.7715919009056541,0.38119748216740335,0.46255950477547536,0.721025403074959,0.09781554980889007,0.3293591360400364,0.20533022988872238,False,,,,,,,
transformer_encoder,asset_conditioned,ensemble,equal_date,isotonic,0.23,completed,21514,3471,0.2600330538107536,0.7768601913438088,0.49628733781215373,0.5898977298389736,0.7429578648359236,0.15559515129758242,0.4673337339393029,0.4811986523398059,False,,,,,,,
transformer_encoder,asset_conditioned,ensemble,equal_family,isotonic,0.23,completed,21514,3471,0.1464612135695259,0.7954211232780102,0.40752184910756495,0.49596549992892897,0.7321868731401551,0.10252822650268467,0.33849886017088887,0.2140595966446092,False,,,,,,,
transformer_encoder,no_explicit_asset_id,7,pooled,isotonic,0.26,completed,21514,3471,0.16133680394161942,0.718214792208753,0.3680695574740172,0.44295452005810704,0.688628822662875,0.12071721608233206,0.4066150809973646,0.25462489541693784,False,0.5596218447827029,0.4940079732499314,74.0,,,,
transformer_encoder,no_explicit_asset_id,7,equal_asset,isotonic,0.26,completed,21514,3471,0.13288843541753018,0.6880671636581178,0.3200528540773626,0.38395740495998265,0.6628828001726301,0.10719952144111279,0.37516310810576153,0.2035179032618053,False,,,,,,,
transformer_encoder,no_explicit_asset_id,7,equal_date,isotonic,0.26,completed,21514,3471,0.2600330538107536,0.7168270707258794,0.4441895508901607,0.5308574463480888,0.6851753245489207,0.17011588517365828,0.523993342098121,0.41535142258925056,False,,,,,,,
transformer_encoder,no_explicit_asset_id,7,equal_family,isotonic,0.26,completed,21514,3471,0.1464612135695259,0.6699892322916337,0.3162664131519908,0.3865409946847412,0.6540595684528695,0.11810405076837055,0.40844094668774794,0.21814993717449638,False,,,,,,,
transformer_encoder,no_explicit_asset_id,42,pooled,isotonic,0.24,completed,21514,3471,0.16133680394161942,0.6976810878165134,0.3485097230990022,0.40353914214271974,0.6683991712042678,0.13063453905684697,0.4219046921748613,0.32197638746862506,False,0.49444176943420015,0.4754117829444134,74.0,,,,
transformer_encoder,no_explicit_asset_id,42,equal_asset,isotonic,0.24,completed,21514,3471,0.13288843541753018,0.6699272226810981,0.29360187445722097,0.3435653690136339,0.6455342429586872,0.11805714397635944,0.3912381730943734,0.2754038835570577,False,,,,,,,
transformer_encoder,no_explicit_asset_id,42,equal_date,isotonic,0.24,completed,21514,3471,0.2600330538107536,0.7246065433292619,0.4681538305392424,0.5289358127863572,0.6843456514680066,0.17054382940881302,0.5174945093152679,0.4896799838450828,False,,,,,,,
transformer_encoder,no_explicit_asset_id,42,equal_family,isotonic,0.24,completed,21514,3471,0.1464612135695259,0.6789834911991126,0.29740056315355323,0.3671627180823262,0.6480508339020314,0.12457087125946016,0.40657538045395075,0.27284961854546236,False,,,,,,,
transformer_encoder,no_explicit_asset_id,123,pooled,isotonic,0.26,completed,21514,3471,0.16133680394161942,0.7285170483208007,0.38574156436895496,0.41161825726141077,0.6882328369088773,0.12495052928061857,0.40926112221494954,0.39876359579808496,False,0.6003400873487451,0.5095953497434935,74.0,,,,
transformer_encoder,no_explicit_asset_id,123,equal_asset,isotonic,0.26,completed,21514,3471,0.13288843541753018,0.6898041458551265,0.3302743890922415,0.34854651773277434,0.6627824300156483,0.11343661526707885,0.3829939051788188,0.34688186716831937,False,,,,,,,
transformer_encoder,no_explicit_asset_id,123,equal_date,isotonic,0.26,completed,21514,3471,0.2600330538107536,0.756829928651663,0.48979108583485576,0.5371441224850761,0.6943434431133352,0.16399736105409668,0.49834794024177037,0.5799163557907938,False,,,,,,,
transformer_encoder,no_explicit_asset_id,123,equal_family,isotonic,0.26,completed,21514,3471,0.1464612135695259,0.6502586370122829,0.3091761676160955,0.34883059143474254,0.6427373398969476,0.12518289283330694,0.41549068542687,0.36281667185319577,False,,,,,,,
transformer_encoder,no_explicit_asset_id,ensemble,pooled,isotonic,0.26,completed,21514,3471,0.16133680394161942,0.7154766551871594,0.36285481514250184,0.440045766590389,0.6842865677024027,0.12407858185174792,0.4062462441204096,0.2449102909733197,False,0.5356241301992244,0.47257008594782257,74.0,0.47257008594782257,0.4050144148221287,0.5320433085637457,1.0
transformer_encoder,no_explicit_asset_id,ensemble,equal_asset,isotonic,0.26,completed,21514,3471,0.1328884354175302,0.6832379067016605,0.3133739625468881,0.3812463885809004,0.6584643945446229,0.11130731535759446,0.3763468502410447,0.19377929407263336,False,,,,,,,
transformer_encoder,no_explicit_asset_id,ensemble,equal_date,isotonic,0.26,completed,21514,3471,0.2600330538107536,0.7300044975857459,0.4536094071191181,0.5350518432043381,0.6888232378397773,0.16781761662306216,0.5082722854820716,0.41367216146414554,False,,,,,,,
transformer_encoder,no_explicit_asset_id,ensemble,equal_family,isotonic,0.26,completed,21514,3471,0.1464612135695259,0.6718581065817992,0.3118883839004111,0.38750697715157334,0.6519246203684345,0.12045819650863039,0.40038794019928553,0.20313934393342456,False,,,,,,,
flattened_logistic,asset_conditioned,7,pooled,isotonic,0.16,completed,21514,3471,0.16133680394161942,0.5759629677514355,0.187324457690473,0.30781986837332226,0.5715705509229345,0.13468941924786568,0.4570036096885724,0.7356140187784699,False,0.5199468491356711,0.5121355253370427,74.0,,,,
flattened_logistic,asset_conditioned,7,equal_asset,isotonic,0.16,completed,21514,3471,0.13288843541753018,0.5723777445322916,0.157841481726756,0.26006061767738436,0.566064418724826,0.11700258364979849,0.41662693727840017,0.7188055989541816,False,,,,,,,
flattened_logistic,asset_conditioned,7,equal_date,isotonic,0.16,completed,21514,3471,0.2600330538107536,0.5313323335638525,0.25909857887187626,0.43200191658767173,0.5564200456929324,0.19800179529994663,0.6042941825124268,0.7825011425352592,False,,,,,,,
flattened_logistic,asset_conditioned,7,equal_family,isotonic,0.16,completed,21514,3471,0.1464612135695259,0.581388598298458,0.1786518812516776,0.2840702677195231,0.5704841989874783,0.12511769676299644,0.4339066447338619,0.718498722939529,False,,,,,,,
flattened_logistic,asset_conditioned,42,pooled,isotonic,0.16,completed,21514,3471,0.16133680394161942,0.5760030940523608,0.18736794394880713,0.3075567533948378,0.5711383988053891,0.13464086696287864,0.45593062448264626,0.7354745746955471,False,0.5201518647218275,0.5121781934601145,74.0,,,,
flattened_logistic,asset_conditioned,42,equal_asset,isotonic,0.16,completed,21514,3471,0.13288843541753018,0.5724356179158019,0.15789852654720563,0.25982115177540166,0.565623163016371,0.11695361302901072,0.41546996996207497,0.7187099448394605,False,,,,,,,
flattened_logistic,asset_conditioned,42,equal_date,isotonic,0.16,completed,21514,3471,0.2600330538107536,0.5315019446855715,0.2592021895899675,0.4315901912247332,0.5558938105731244,0.19799533030959054,0.6036719822664708,0.7822274654848069,False,,,,,,,
flattened_logistic,asset_conditioned,42,equal_family,isotonic,0.16,completed,21514,3471,0.1464612135695259,0.58137548573557,0.1787359974579937,0.28397547863551176,0.5703260403249995,0.1250575051289763,0.4322564355095862,0.7181742663997072,False,,,,,,,
flattened_logistic,asset_conditioned,123,pooled,isotonic,0.16,completed,21514,3471,0.16133680394161942,0.5766779120904441,0.18786877368486957,0.3071280991735537,0.5703400083666451,0.13466169940704473,0.45669417930618045,0.7385423445198476,False,0.5200828183638103,0.5121255694416592,74.0,,,,
flattened_logistic,asset_conditioned,123,equal_asset,isotonic,0.16,completed,21514,3471,0.13288843541753018,0.5730398557097899,0.15829190250564773,0.259304281422019,0.564623624416293,0.11698205932646627,0.416309573942621,0.721882983132991,False,,,,,,,
flattened_logistic,asset_conditioned,123,equal_date,isotonic,0.16,completed,21514,3471,0.2600330538107536,0.5319696494258455,0.2596525440532253,0.4323493156777937,0.5565602336052335,0.1979961623335968,0.6041341614638832,0.7853999936230589,False,,,,,,,
flattened_logistic,asset_conditioned,123,equal_family,isotonic,0.16,completed,21514,3471,0.1464612135695259,0.582033303129312,0.179119744428609,0.2835466943398034,0.5695411009778891,0.12508644680449357,0.43334644195171973,0.7204951496166861,False,,,,,,,
flattened_logistic,asset_conditioned,ensemble,pooled,isotonic,0.15,completed,21514,3471,0.16133680394161942,0.5762199724774772,0.18753352237168103,0.3075968350830015,0.5711491369420274,0.13468521737705785,0.45659196500469257,0.7374732732174398,False,0.5201078875358379,0.5121710821062693,74.0,0.5121710821062693,0.4788832439271261,0.5442425231925806,1.0
flattened_logistic,asset_conditioned,ensemble,equal_asset,isotonic,0.15,completed,21514,3471,0.1328884354175302,0.5726240646729882,0.15802571417142325,0.2598091917602709,0.5655745753153238,0.11700385224014917,0.416195523592502,0.7207559225839365,False,,,,,,,
flattened_logistic,asset_conditioned,ensemble,equal_date,isotonic,0.15,completed,21514,3471,0.2600330538107536,0.5315953511311743,0.2593213797954946,0.43244673273776213,0.5567963066344135,0.19800692056667818,0.604054824356746,0.7844886224744656,False,,,,,,,
flattened_logistic,asset_conditioned,ensemble,equal_family,isotonic,0.15,completed,21514,3471,0.1464612135695259,0.581606526764948,0.17884347855630556,0.283969722868934,0.5702810531141229,0.12511416784405374,0.43315049379558657,0.7201310856090452,False,,,,,,,
flattened_logistic,no_explicit_asset_id,7,pooled,platt,0.15,completed,21514,3471,0.16133680394161942,0.39872396287284073,0.12821138699504805,0.2870054412985336,0.5629723612498221,0.1354350004727074,0.44084680371530244,0.342660593102166,False,0.5513438440611176,0.532108473747015,74.0,,,,
flattened_logistic,no_explicit_asset_id,7,equal_asset,platt,0.15,completed,21514,3471,0.13288843541753018,0.4184867664332208,0.1097285386762393,0.23760522800115405,0.5489516997311841,0.11712989320552797,0.3957537649318836,0.31990842712750694,False,,,,,,,
flattened_logistic,no_explicit_asset_id,7,equal_date,platt,0.15,completed,21514,3471,0.2600330538107536,0.3521673823105674,0.19344959563288378,0.44489506840118304,0.6060876318335544,0.19354362364298064,0.5804945677593818,0.45277609497390764,False,,,,,,,
flattened_logistic,no_explicit_asset_id,7,equal_family,platt,0.15,completed,21514,3471,0.1464612135695259,0.42649504561423524,0.12307799866584515,0.24841788954919924,0.5431144625241245,0.1266065740767851,0.41981547295255384,0.33310251566233934,False,,,,,,,
flattened_logistic,no_explicit_asset_id,42,pooled,platt,0.15,completed,21514,3471,0.16133680394161942,0.39856867903818166,0.12816342958414884,0.28719179979684184,0.5631885610566377,0.13543784806050635,0.4408501278384511,0.3420098540485265,False,0.5511352734412325,0.5320380713439463,74.0,,,,
flattened_logistic,no_explicit_asset_id,42,equal_asset,platt,0.15,completed,21514,3471,0.13288843541753018,0.4182951282388473,0.1096715248313463,0.23780714497270172,0.5491896623347079,0.11713519382983574,0.39575773198879954,0.3192558109874693,False,,,,,,,
flattened_logistic,no_explicit_asset_id,42,equal_date,platt,0.15,completed,21514,3471,0.2600330538107536,0.3521068772311813,0.19342662115392015,0.44508433357448063,0.6063064037519299,0.19352105573168166,0.5804450682080075,0.45232970910520887,False,,,,,,,
flattened_logistic,no_explicit_asset_id,42,equal_family,platt,0.15,completed,21514,3471,0.1464612135695259,0.42636237184893716,0.12303082510984953,0.2486115840745902,0.5433582735610458,0.1266142285794334,0.4198312306435075,0.33244744529190373,False,,,,,,,
flattened_logistic,no_explicit_asset_id,123,pooled,platt,0.15,completed,21514,3471,0.16133680394161942,0.3989510844424231,0.1282814180356992,0.2864252142659663,0.5624071440591527,0.13543718894634332,0.4408566999756837,0.34303244398996,False,0.5514337341763923,0.5322115883777722,74.0,,,,
flattened_logistic,no_explicit_asset_id,123,equal_asset,platt,0.15,completed,21514,3471,0.13288843541753018,0.4187081977138127,0.10979147947306897,0.23706240936722167,0.548387368599066,0.11713014552261726,0.3957627268864749,0.3204072314510729,False,,,,,,,
flattened_logistic,no_explicit_asset_id,123,equal_date,platt,0.15,completed,21514,3471,0.2600330538107536,0.3524557159523086,0.1935540774144674,0.4447791464105154,0.6059901494037475,0.19357024003395168,0.5805632953855594,0.45267512674170196,False,,,,,,,
flattened_logistic,no_explicit_asset_id,123,equal_family,platt,0.15,completed,21514,3471,0.1464612135695259,0.42663654317930894,0.12311938170829059,0.24773208018400097,0.5423878085582567,0.12660393708817577,0.4198128140223367,0.33386523831611986,False,,,,,,,
flattened_logistic,no_explicit_asset_id,ensemble,pooled,platt,0.15,completed,21514,3471,0.16133680394161942,0.39869095008845434,0.12818920558001912,0.2870319129311935,0.5630000728277194,0.13543701678620523,0.44085246375572784,0.3426141117411918,False,0.5513032988203461,0.5321141628300913,74.0,0.5321141628300913,0.4838834926407085,0.5840529695403347,1.0
flattened_logistic,no_explicit_asset_id,ensemble,equal_asset,platt,0.15,completed,21514,3471,0.1328884354175302,0.4184435026514748,0.10971038059008426,0.2376318006011441,0.5489808960384779,0.11713205851597021,0.3957592553674217,0.31985779421611454,False,,,,,,,
flattened_logistic,no_explicit_asset_id,ensemble,equal_date,platt,0.15,completed,21514,3471,0.2600330538107536,0.35217240197304617,0.1934179241847746,0.4449149699169742,0.6061091765154302,0.19354580746068908,0.5805045975001897,0.4527442102690006,False,,,,,,,
flattened_logistic,no_explicit_asset_id,ensemble,equal_family,platt,0.15,completed,21514,3471,0.1464612135695259,0.42644958568336,0.12305697998134192,0.24840420555170853,0.5430989869377366,0.1266085875505241,0.41982115313484786,0.33312893368875734,False,,,,,,,
static_global_prior,train_only_prior,na,pooled,none,0.5,completed,21514,3471,0.16133680394161942,0.5,0.16133680394161942,0.0,0.5,0.13594516317850378,0.4444638676707894,0.0,True,0.5,0.5,74.0,,,,
static_family_prior,train_only_prior,na,pooled,none,0.5,completed,21514,3471,0.16133680394161942,0.816548771506871,0.41485020028577724,0.0,0.5,0.10488716650092379,0.3449070162738788,0.0,True,0.5,0.5,74.0,,,,
static_asset_prior,train_only_prior,na,pooled,none,0.5,completed,21514,3471,0.16133680394161942,0.8239058561294393,0.45307282583307684,0.48081841432225064,0.6864641580239835,0.10325009960066985,0.33885939781108887,0.14762480245421586,False,0.5,0.5,74.0,,,,
