model,identity_variant,seed,status,parameter_count,train_windows,validation_windows,test_windows,checkpoint,prediction,config_sha256,endpoint_sha256,runtime_seconds,best_epoch,best_validation_loss,iterations
mlp,asset_conditioned,7,completed,270721.0,245055,20494,21514,results/runs/prp1_fixed_cross_model_20260715/checkpoints/mlp_asset_conditioned_seed7.pt,results/runs/prp1_fixed_cross_model_20260715/predictions/mlp_asset_conditioned_seed7.parquet,ba9059db65e951848cb9d4b3a0c0dc83faad470ad52d4825233be0af80cc43eb,47527d25a7a7f1a293c14ee7f6aaa254be3163d14a2c6f2149b687357d9c4a60,24.968738700001268,1.0,0.6569815919645196,
mlp,asset_conditioned,42,completed,270721.0,245055,20494,21514,results/runs/prp1_fixed_cross_model_20260715/checkpoints/mlp_asset_conditioned_seed42.pt,results/runs/prp1_fixed_cross_model_20260715/predictions/mlp_asset_conditioned_seed42.parquet,ba9059db65e951848cb9d4b3a0c0dc83faad470ad52d4825233be0af80cc43eb,47527d25a7a7f1a293c14ee7f6aaa254be3163d14a2c6f2149b687357d9c4a60,34.293888299987884,3.0,0.6862772722133511,
mlp,asset_conditioned,123,completed,270721.0,245055,20494,21514,results/runs/prp1_fixed_cross_model_20260715/checkpoints/mlp_asset_conditioned_seed123.pt,results/runs/prp1_fixed_cross_model_20260715/predictions/mlp_asset_conditioned_seed123.parquet,ba9059db65e951848cb9d4b3a0c0dc83faad470ad52d4825233be0af80cc43eb,47527d25a7a7f1a293c14ee7f6aaa254be3163d14a2c6f2149b687357d9c4a60,29.023800299997674,2.0,0.6182107646034627,
mlp,no_explicit_asset_id,7,completed,269761.0,245055,20494,21514,results/runs/prp1_fixed_cross_model_20260715/checkpoints/mlp_no_explicit_asset_id_seed7.pt,results/runs/prp1_fixed_cross_model_20260715/predictions/mlp_no_explicit_asset_id_seed7.parquet,ba9059db65e951848cb9d4b3a0c0dc83faad470ad52d4825233be0af80cc43eb,47527d25a7a7f1a293c14ee7f6aaa254be3163d14a2c6f2149b687357d9c4a60,28.435558400000446,2.0,0.7240797438144079,
mlp,no_explicit_asset_id,42,completed,269761.0,245055,20494,21514,results/runs/prp1_fixed_cross_model_20260715/checkpoints/mlp_no_explicit_asset_id_seed42.pt,results/runs/prp1_fixed_cross_model_20260715/predictions/mlp_no_explicit_asset_id_seed42.parquet,ba9059db65e951848cb9d4b3a0c0dc83faad470ad52d4825233be0af80cc43eb,47527d25a7a7f1a293c14ee7f6aaa254be3163d14a2c6f2149b687357d9c4a60,27.899686399992788,2.0,0.7258142172574787,
mlp,no_explicit_asset_id,123,completed,269761.0,245055,20494,21514,results/runs/prp1_fixed_cross_model_20260715/checkpoints/mlp_no_explicit_asset_id_seed123.pt,results/runs/prp1_fixed_cross_model_20260715/predictions/mlp_no_explicit_asset_id_seed123.parquet,ba9059db65e951848cb9d4b3a0c0dc83faad470ad52d4825233be0af80cc43eb,47527d25a7a7f1a293c14ee7f6aaa254be3163d14a2c6f2149b687357d9c4a60,21.78108909999719,1.0,0.725826359364048,
lstm,asset_conditioned,7,completed,279025.0,245055,20494,21514,results/runs/prp1_fixed_cross_model_20260715/checkpoints/lstm_asset_conditioned_seed7.pt,results/runs/prp1_fixed_cross_model_20260715/predictions/lstm_asset_conditioned_seed7.parquet,ba9059db65e951848cb9d4b3a0c0dc83faad470ad52d4825233be0af80cc43eb,47527d25a7a7f1a293c14ee7f6aaa254be3163d14a2c6f2149b687357d9c4a60,48.04726959997788,4.0,0.9563386623389641,
lstm,asset_conditioned,42,completed,279025.0,245055,20494,21514,results/runs/prp1_fixed_cross_model_20260715/checkpoints/lstm_asset_conditioned_seed42.pt,results/runs/prp1_fixed_cross_model_20260715/predictions/lstm_asset_conditioned_seed42.parquet,ba9059db65e951848cb9d4b3a0c0dc83faad470ad52d4825233be0af80cc43eb,47527d25a7a7f1a293c14ee7f6aaa254be3163d14a2c6f2149b687357d9c4a60,27.307951700000558,1.0,0.9964159547590425,
lstm,asset_conditioned,123,completed,279025.0,245055,20494,21514,results/runs/prp1_fixed_cross_model_20260715/checkpoints/lstm_asset_conditioned_seed123.pt,results/runs/prp1_fixed_cross_model_20260715/predictions/lstm_asset_conditioned_seed123.parquet,ba9059db65e951848cb9d4b3a0c0dc83faad470ad52d4825233be0af80cc43eb,47527d25a7a7f1a293c14ee7f6aaa254be3163d14a2c6f2149b687357d9c4a60,34.01995139999781,2.0,0.9597824358458494,
lstm,no_explicit_asset_id,7,completed,278065.0,245055,20494,21514,results/runs/prp1_fixed_cross_model_20260715/checkpoints/lstm_no_explicit_asset_id_seed7.pt,results/runs/prp1_fixed_cross_model_20260715/predictions/lstm_no_explicit_asset_id_seed7.parquet,ba9059db65e951848cb9d4b3a0c0dc83faad470ad52d4825233be0af80cc43eb,47527d25a7a7f1a293c14ee7f6aaa254be3163d14a2c6f2149b687357d9c4a60,27.501347700017504,1.0,0.786612108525758,
lstm,no_explicit_asset_id,42,completed,278065.0,245055,20494,21514,results/runs/prp1_fixed_cross_model_20260715/checkpoints/lstm_no_explicit_asset_id_seed42.pt,results/runs/prp1_fixed_cross_model_20260715/predictions/lstm_no_explicit_asset_id_seed42.parquet,ba9059db65e951848cb9d4b3a0c0dc83faad470ad52d4825233be0af80cc43eb,47527d25a7a7f1a293c14ee7f6aaa254be3163d14a2c6f2149b687357d9c4a60,27.05506380001316,1.0,0.8891768079100905,
lstm,no_explicit_asset_id,123,completed,278065.0,245055,20494,21514,results/runs/prp1_fixed_cross_model_20260715/checkpoints/lstm_no_explicit_asset_id_seed123.pt,results/runs/prp1_fixed_cross_model_20260715/predictions/lstm_no_explicit_asset_id_seed123.parquet,ba9059db65e951848cb9d4b3a0c0dc83faad470ad52d4825233be0af80cc43eb,47527d25a7a7f1a293c14ee7f6aaa254be3163d14a2c6f2149b687357d9c4a60,26.850351100001717,1.0,0.7959208053891992,
tcn,asset_conditioned,7,completed,271826.0,245055,20494,21514,results/runs/prp1_fixed_cross_model_20260715/checkpoints/tcn_asset_conditioned_seed7.pt,results/runs/prp1_fixed_cross_model_20260715/predictions/tcn_asset_conditioned_seed7.parquet,ba9059db65e951848cb9d4b3a0c0dc83faad470ad52d4825233be0af80cc43eb,47527d25a7a7f1a293c14ee7f6aaa254be3163d14a2c6f2149b687357d9c4a60,40.5132367000042,3.0,0.7843196601638261,
tcn,asset_conditioned,42,completed,271826.0,245055,20494,21514,results/runs/prp1_fixed_cross_model_20260715/checkpoints/tcn_asset_conditioned_seed42.pt,results/runs/prp1_fixed_cross_model_20260715/predictions/tcn_asset_conditioned_seed42.parquet,ba9059db65e951848cb9d4b3a0c0dc83faad470ad52d4825233be0af80cc43eb,47527d25a7a7f1a293c14ee7f6aaa254be3163d14a2c6f2149b687357d9c4a60,27.402469399996335,1.0,0.9184599825029921,
tcn,asset_conditioned,123,completed,271826.0,245055,20494,21514,results/runs/prp1_fixed_cross_model_20260715/checkpoints/tcn_asset_conditioned_seed123.pt,results/runs/prp1_fixed_cross_model_20260715/predictions/tcn_asset_conditioned_seed123.parquet,ba9059db65e951848cb9d4b3a0c0dc83faad470ad52d4825233be0af80cc43eb,47527d25a7a7f1a293c14ee7f6aaa254be3163d14a2c6f2149b687357d9c4a60,73.61818399999174,8.0,0.6392526362097484,
tcn,no_explicit_asset_id,7,completed,270866.0,245055,20494,21514,results/runs/prp1_fixed_cross_model_20260715/checkpoints/tcn_no_explicit_asset_id_seed7.pt,results/runs/prp1_fixed_cross_model_20260715/predictions/tcn_no_explicit_asset_id_seed7.parquet,ba9059db65e951848cb9d4b3a0c0dc83faad470ad52d4825233be0af80cc43eb,47527d25a7a7f1a293c14ee7f6aaa254be3163d14a2c6f2149b687357d9c4a60,52.463246800005436,5.0,0.6783295655711239,
tcn,no_explicit_asset_id,42,completed,270866.0,245055,20494,21514,results/runs/prp1_fixed_cross_model_20260715/checkpoints/tcn_no_explicit_asset_id_seed42.pt,results/runs/prp1_fixed_cross_model_20260715/predictions/tcn_no_explicit_asset_id_seed42.parquet,ba9059db65e951848cb9d4b3a0c0dc83faad470ad52d4825233be0af80cc43eb,47527d25a7a7f1a293c14ee7f6aaa254be3163d14a2c6f2149b687357d9c4a60,26.008897599997,1.0,0.7069572659949739,
tcn,no_explicit_asset_id,123,completed,270866.0,245055,20494,21514,results/runs/prp1_fixed_cross_model_20260715/checkpoints/tcn_no_explicit_asset_id_seed123.pt,results/runs/prp1_fixed_cross_model_20260715/predictions/tcn_no_explicit_asset_id_seed123.parquet,ba9059db65e951848cb9d4b3a0c0dc83faad470ad52d4825233be0af80cc43eb,47527d25a7a7f1a293c14ee7f6aaa254be3163d14a2c6f2149b687357d9c4a60,27.159505199990235,1.0,0.7900709295384509,
transformer_encoder,asset_conditioned,7,reused,272449.0,245055,20494,21514,results/runs/phase6_transformer_falsification_20260712/checkpoints/corrected_asset_conditioned_seed7.pt,results/runs/phase6_transformer_falsification_20260712/predictions/corrected_asset_conditioned_seed7.parquet,ba9059db65e951848cb9d4b3a0c0dc83faad470ad52d4825233be0af80cc43eb,47527d25a7a7f1a293c14ee7f6aaa254be3163d14a2c6f2149b687357d9c4a60,,,,
transformer_encoder,asset_conditioned,42,reused,272449.0,245055,20494,21514,results/runs/phase6_transformer_falsification_20260712/checkpoints/corrected_asset_conditioned_seed42.pt,results/runs/phase6_transformer_falsification_20260712/predictions/corrected_asset_conditioned_seed42.parquet,ba9059db65e951848cb9d4b3a0c0dc83faad470ad52d4825233be0af80cc43eb,47527d25a7a7f1a293c14ee7f6aaa254be3163d14a2c6f2149b687357d9c4a60,,,,
transformer_encoder,asset_conditioned,123,reused,272449.0,245055,20494,21514,results/runs/phase6_transformer_falsification_20260712/checkpoints/corrected_asset_conditioned_seed123.pt,results/runs/phase6_transformer_falsification_20260712/predictions/corrected_asset_conditioned_seed123.parquet,ba9059db65e951848cb9d4b3a0c0dc83faad470ad52d4825233be0af80cc43eb,47527d25a7a7f1a293c14ee7f6aaa254be3163d14a2c6f2149b687357d9c4a60,,,,
transformer_encoder,no_explicit_asset_id,7,reused,271489.0,245055,20494,21514,results/runs/phase6_transformer_falsification_20260712/checkpoints/no_explicit_asset_id_seed7.pt,results/runs/phase6_transformer_falsification_20260712/predictions/no_explicit_asset_id_seed7.parquet,ba9059db65e951848cb9d4b3a0c0dc83faad470ad52d4825233be0af80cc43eb,47527d25a7a7f1a293c14ee7f6aaa254be3163d14a2c6f2149b687357d9c4a60,,,,
transformer_encoder,no_explicit_asset_id,42,reused,271489.0,245055,20494,21514,results/runs/phase6_transformer_falsification_20260712/checkpoints/no_explicit_asset_id_seed42.pt,results/runs/phase6_transformer_falsification_20260712/predictions/no_explicit_asset_id_seed42.parquet,ba9059db65e951848cb9d4b3a0c0dc83faad470ad52d4825233be0af80cc43eb,47527d25a7a7f1a293c14ee7f6aaa254be3163d14a2c6f2149b687357d9c4a60,,,,
transformer_encoder,no_explicit_asset_id,123,reused,271489.0,245055,20494,21514,results/runs/phase6_transformer_falsification_20260712/checkpoints/no_explicit_asset_id_seed123.pt,results/runs/phase6_transformer_falsification_20260712/predictions/no_explicit_asset_id_seed123.parquet,ba9059db65e951848cb9d4b3a0c0dc83faad470ad52d4825233be0af80cc43eb,47527d25a7a7f1a293c14ee7f6aaa254be3163d14a2c6f2149b687357d9c4a60,,,,
flattened_logistic,asset_conditioned,7,completed,,245055,20494,21514,results/runs/prp1_fixed_cross_model_20260715/checkpoints/flattened_logistic_asset_conditioned_seed7.pkl,results/runs/prp1_fixed_cross_model_20260715/predictions/flattened_logistic_asset_conditioned_seed7.parquet,ba9059db65e951848cb9d4b3a0c0dc83faad470ad52d4825233be0af80cc43eb,47527d25a7a7f1a293c14ee7f6aaa254be3163d14a2c6f2149b687357d9c4a60,292.40023840000504,,,131.0
flattened_logistic,asset_conditioned,42,completed,,245055,20494,21514,results/runs/prp1_fixed_cross_model_20260715/checkpoints/flattened_logistic_asset_conditioned_seed42.pkl,results/runs/prp1_fixed_cross_model_20260715/predictions/flattened_logistic_asset_conditioned_seed42.parquet,ba9059db65e951848cb9d4b3a0c0dc83faad470ad52d4825233be0af80cc43eb,47527d25a7a7f1a293c14ee7f6aaa254be3163d14a2c6f2149b687357d9c4a60,286.15915590000805,,,132.0
flattened_logistic,asset_conditioned,123,completed,,245055,20494,21514,results/runs/prp1_fixed_cross_model_20260715/checkpoints/flattened_logistic_asset_conditioned_seed123.pkl,results/runs/prp1_fixed_cross_model_20260715/predictions/flattened_logistic_asset_conditioned_seed123.parquet,ba9059db65e951848cb9d4b3a0c0dc83faad470ad52d4825233be0af80cc43eb,47527d25a7a7f1a293c14ee7f6aaa254be3163d14a2c6f2149b687357d9c4a60,291.2976097999781,,,133.0
flattened_logistic,no_explicit_asset_id,7,completed,,245055,20494,21514,results/runs/prp1_fixed_cross_model_20260715/checkpoints/flattened_logistic_no_explicit_asset_id_seed7.pkl,results/runs/prp1_fixed_cross_model_20260715/predictions/flattened_logistic_no_explicit_asset_id_seed7.parquet,ba9059db65e951848cb9d4b3a0c0dc83faad470ad52d4825233be0af80cc43eb,47527d25a7a7f1a293c14ee7f6aaa254be3163d14a2c6f2149b687357d9c4a60,542.9993482999853,,,265.0
flattened_logistic,no_explicit_asset_id,42,completed,,245055,20494,21514,results/runs/prp1_fixed_cross_model_20260715/checkpoints/flattened_logistic_no_explicit_asset_id_seed42.pkl,results/runs/prp1_fixed_cross_model_20260715/predictions/flattened_logistic_no_explicit_asset_id_seed42.parquet,ba9059db65e951848cb9d4b3a0c0dc83faad470ad52d4825233be0af80cc43eb,47527d25a7a7f1a293c14ee7f6aaa254be3163d14a2c6f2149b687357d9c4a60,517.8505858999852,,,259.0
flattened_logistic,no_explicit_asset_id,123,completed,,245055,20494,21514,results/runs/prp1_fixed_cross_model_20260715/checkpoints/flattened_logistic_no_explicit_asset_id_seed123.pkl,results/runs/prp1_fixed_cross_model_20260715/predictions/flattened_logistic_no_explicit_asset_id_seed123.parquet,ba9059db65e951848cb9d4b3a0c0dc83faad470ad52d4825233be0af80cc43eb,47527d25a7a7f1a293c14ee7f6aaa254be3163d14a2c6f2149b687357d9c4a60,502.5757444000337,,,250.0
